Sigla;Código;Município;2022;
ES;3200102;Afonso Cláudio;2;
ES;3200136;Águia Branca;2;
ES;3200169;Água Doce do Norte;3;
ES;3200201;Alegre;4;
ES;3200300;Alfredo Chaves;1;
ES;3200359;Alto Rio Novo;0;
ES;3200409;Anchieta;7;
ES;3200508;Apiacá;1;
ES;3200607;Aracruz;18;
ES;3200706;Atilio Vivacqua;1;
ES;3200805;Baixo Guandu;11;
ES;3200904;Barra de São Francisco;8;
ES;3201001;Boa Esperança;6;
ES;3201100;Bom Jesus do Norte;2;
ES;3201159;Brejetuba;4;
ES;3201209;Cachoeiro de Itapemirim;42;
ES;3201308;Cariacica;136;
ES;3201407;Castelo;6;
ES;3201506;Colatina;26;
ES;3201605;Conceição da Barra;10;
ES;3201704;Conceição do Castelo;2;
ES;3201803;Divino de São Lourenço;0;
ES;3201902;Domingos Martins;5;
ES;3202009;Dores do Rio Preto;1;
ES;3202108;Ecoporanga;7;
ES;3202207;Fundão;3;
ES;3202256;Governador Lindenberg;0;
ES;3202306;Guaçuí;3;
ES;3202405;Guarapari;26;
ES;3202454;Ibatiba;7;
ES;3202504;Ibiraçu;5;
ES;3202553;Ibitirama;1;
ES;3202603;Iconha;2;
ES;3202652;Irupi;2;
ES;3202702;Itaguaçu;7;
ES;3202801;Itapemirim;11;
ES;3202900;Itarana;0;
ES;3203007;Iúna;14;
ES;3203056;Jaguaré;23;
ES;3203106;Jerônimo Monteiro;0;
ES;3203130;João Neiva;2;
ES;3203163;Laranja da Terra;0;
ES;3203205;Linhares;61;
ES;3203304;Mantenópolis;5;
ES;3203320;Marataízes;8;
ES;3203346;Marechal Floriano;2;
ES;3203353;Marilândia;0;
ES;3203403;Mimoso do Sul;2;
ES;3203502;Montanha;4;
ES;3203601;Mucurici;3;
ES;3203700;Muniz Freire;2;
ES;3203809;Muqui;1;
ES;3203908;Nova Venécia;5;
ES;3204005;Pancas;2;
ES;3204054;Pedro Canário;16;
ES;3204104;Pinheiros;9;
ES;3204203;Piúma;9;
ES;3204252;Ponto Belo;0;
ES;3204302;Presidente Kennedy;3;
ES;3204351;Rio Bananal;3;
ES;3204401;Rio Novo do Sul;5;
ES;3204500;Santa Leopoldina;0;
ES;3204559;Santa Maria de Jetibá;5;
ES;3204609;Santa Teresa;3;
ES;3204658;São Domingos do Norte;4;
ES;3204708;São Gabriel da Palha;15;
ES;3204807;São José do Calçado;0;
ES;3204906;São Mateus;44;
ES;3204955;São Roque do Canaã;1;
ES;3205002;Serra;193;
ES;3205010;Sooretama;21;
ES;3205036;Vargem Alta;1;
ES;3205069;Venda Nova do Imigrante;2;
ES;3205101;Viana;18;
ES;3205150;Vila Pavão;3;
ES;3205176;Vila Valério;12;
ES;3205200;Vila Velha;161;
ES;3205309;Vitória;90;
ES;3299919;Riacho;;
ES;3299929;Ponte do Itabapoana;;
MG;3100104;Abadia dos Dourados;1;
MG;3100203;Abaeté;3;
MG;3100302;Abre Campo;1;
MG;3100401;Acaiaca;0;
MG;3100500;Açucena;3;
MG;3100609;Água Boa;1;
MG;3100708;Água Comprida;1;
MG;3100807;Aguanil;0;
MG;3100906;Águas Formosas;8;
MG;3101003;Águas Vermelhas;3;
MG;3101102;Aimorés;9;
MG;3101201;Aiuruoca;0;
MG;3101300;Alagoa;1;
MG;3101409;Albertina;0;
MG;3101508;Além Paraíba;4;
MG;3101607;Alfenas;8;
MG;3101631;Alfredo Vasconcelos;0;
MG;3101706;Almenara;2;
MG;3101805;Alpercata;6;
MG;3101904;Alpinópolis;1;
MG;3102001;Alterosa;1;
MG;3102050;Alto Caparaó;0;
MG;3102100;Alto Rio Doce;0;
MG;3102209;Alvarenga;1;
MG;3102308;Alvinópolis;1;
MG;3102407;Alvorada de Minas;0;
MG;3102506;Amparo do Serra;1;
MG;3102605;Andradas;4;
MG;3102704;Cachoeira de Pajeú;4;
MG;3102803;Andrelândia;1;
MG;3102852;Angelândia;1;
MG;3102902;Antônio Carlos;0;
MG;3103009;Antônio Dias;3;
MG;3103108;Antônio Prado de Minas;0;
MG;3103207;Araçaí;0;
MG;3103306;Aracitaba;0;
MG;3103405;Araçuaí;7;
MG;3103504;Araguari;22;
MG;3103603;Arantina;0;
MG;3103702;Araponga;4;
MG;3103751;Araporã;2;
MG;3103801;Arapuá;0;
MG;3103900;Araújos;1;
MG;3104007;Araxá;13;
MG;3104106;Arceburgo;0;
MG;3104205;Arcos;2;
MG;3104304;Areado;0;
MG;3104403;Argirita;0;
MG;3104452;Aricanduva;0;
MG;3104502;Arinos;5;
MG;3104601;Astolfo Dutra;0;
MG;3104700;Ataléia;2;
MG;3104809;Augusto de Lima;0;
MG;3104908;Baependi;0;
MG;3105004;Baldim;3;
MG;3105103;Bambuí;3;
MG;3105202;Bandeira;0;
MG;3105301;Bandeira do Sul;1;
MG;3105400;Barão de Cocais;5;
MG;3105509;Barão de Monte Alto;1;
MG;3105608;Barbacena;9;
MG;3105707;Barra Longa;0;
MG;3105905;Barroso;2;
MG;3106002;Bela Vista de Minas;1;
MG;3106101;Belmiro Braga;0;
MG;3106200;Belo Horizonte;312;
MG;3106309;Belo Oriente;6;
MG;3106408;Belo Vale;1;
MG;3106507;Berilo;0;
MG;3106606;Bertópolis;0;
MG;3106655;Berizal;0;
MG;3106705;Betim;90;
MG;3106804;Bias Fortes;1;
MG;3106903;Bicas;1;
MG;3107000;Biquinhas;0;
MG;3107109;Boa Esperança;6;
MG;3107208;Bocaina de Minas;3;
MG;3107307;Bocaiúva;7;
MG;3107406;Bom Despacho;10;
MG;3107505;Bom Jardim de Minas;0;
MG;3107604;Bom Jesus da Penha;0;
MG;3107703;Bom Jesus do Amparo;0;
MG;3107802;Bom Jesus do Galho;4;
MG;3107901;Bom Repouso;0;
MG;3108008;Bom Sucesso;4;
MG;3108107;Bonfim;0;
MG;3108206;Bonfinópolis de Minas;0;
MG;3108255;Bonito de Minas;1;
MG;3108305;Borda da Mata;2;
MG;3108404;Botelhos;2;
MG;3108503;Botumirim;0;
MG;3108552;Brasilândia de Minas;6;
MG;3108602;Brasília de Minas;2;
MG;3108701;Brás Pires;0;
MG;3108800;Braúnas;0;
MG;3108909;Brasópolis;1;
MG;3109006;Brumadinho;10;
MG;3109105;Bueno Brandão;0;
MG;3109204;Buenópolis;3;
MG;3109253;Bugre;0;
MG;3109303;Buritis;4;
MG;3109402;Buritizeiro;3;
MG;3109451;Cabeceira Grande;0;
MG;3109501;Cabo Verde;0;
MG;3109600;Cachoeira da Prata;0;
MG;3109709;Cachoeira de Minas;0;
MG;3109808;Cachoeira Dourada;1;
MG;3109907;Caetanópolis;4;
MG;3110004;Caeté;6;
MG;3110103;Caiana;0;
MG;3110202;Cajuri;0;
MG;3110301;Caldas;1;
MG;3110400;Camacho;0;
MG;3110509;Camanducaia;4;
MG;3110608;Cambuí;2;
MG;3110707;Cambuquira;2;
MG;3110806;Campanário;0;
MG;3110905;Campanha;1;
MG;3111002;Campestre;2;
MG;3111101;Campina Verde;3;
MG;3111150;Campo Azul;1;
MG;3111200;Campo Belo;8;
MG;3111309;Campo do Meio;1;
MG;3111408;Campo Florido;2;
MG;3111507;Campos Altos;0;
MG;3111606;Campos Gerais;4;
MG;3111705;Canaã;0;
MG;3111804;Canápolis;0;
MG;3111903;Cana Verde;0;
MG;3112000;Candeias;0;
MG;3112059;Cantagalo;0;
MG;3112109;Caparaó;1;
MG;3112208;Capela Nova;0;
MG;3112307;Capelinha;7;
MG;3112406;Capetinga;0;
MG;3112505;Capim Branco;1;
MG;3112604;Capinópolis;3;
MG;3112653;Capitão Andrade;1;
MG;3112703;Capitão Enéas;1;
MG;3112802;Capitólio;0;
MG;3112901;Caputira;2;
MG;3113008;Caraí;6;
MG;3113107;Caranaíba;0;
MG;3113206;Carandaí;1;
MG;3113305;Carangola;3;
MG;3113404;Caratinga;17;
MG;3113503;Carbonita;2;
MG;3113602;Careaçu;0;
MG;3113701;Carlos Chagas;9;
MG;3113800;Carmésia;0;
MG;3113909;Carmo da Cachoeira;1;
MG;3114006;Carmo da Mata;0;
MG;3114105;Carmo de Minas;0;
MG;3114204;Carmo do Cajuru;6;
MG;3114303;Carmo do Paranaíba;3;
MG;3114402;Carmo do Rio Claro;0;
MG;3114501;Carmópolis de Minas;0;
MG;3114550;Carneirinho;2;
MG;3114600;Carrancas;0;
MG;3114709;Carvalhópolis;0;
MG;3114808;Carvalhos;0;
MG;3114907;Casa Grande;0;
MG;3115003;Cascalho Rico;0;
MG;3115102;Cássia;1;
MG;3115201;Conceição da Barra de Minas;0;
MG;3115300;Cataguases;8;
MG;3115359;Catas Altas;0;
MG;3115409;Catas Altas da Noruega;0;
MG;3115458;Catuji;1;
MG;3115474;Catuti;0;
MG;3115508;Caxambu;2;
MG;3115607;Cedro do Abaeté;0;
MG;3115706;Central de Minas;1;
MG;3115805;Centralina;2;
MG;3115904;Chácara;0;
MG;3116001;Chalé;1;
MG;3116100;Chapada do Norte;2;
MG;3116159;Chapada Gaúcha;0;
MG;3116209;Chiador;0;
MG;3116308;Cipotânea;0;
MG;3116407;Claraval;0;
MG;3116506;Claro dos Poções;3;
MG;3116605;Cláudio;4;
MG;3116704;Coimbra;6;
MG;3116803;Coluna;0;
MG;3116902;Comendador Gomes;0;
MG;3117009;Comercinho;1;
MG;3117108;Conceição da Aparecida;0;
MG;3117207;Conceição das Pedras;0;
MG;3117306;Conceição das Alagoas;3;
MG;3117405;Conceição de Ipanema;0;
MG;3117504;Conceição do Mato Dentro;1;
MG;3117603;Conceição do Pará;1;
MG;3117702;Conceição do Rio Verde;0;
MG;3117801;Conceição dos Ouros;0;
MG;3117836;Cônego Marinho;;
MG;3117876;Confins;3;
MG;3117900;Congonhal;0;
MG;3118007;Congonhas;8;
MG;3118106;Congonhas do Norte;2;
MG;3118205;Conquista;1;
MG;3118304;Conselheiro Lafaiete;10;
MG;3118403;Conselheiro Pena;8;
MG;3118502;Consolação;0;
MG;3118601;Contagem;72;
MG;3118700;Coqueiral;0;
MG;3118809;Coração de Jesus;1;
MG;3118908;Cordisburgo;1;
MG;3119005;Cordislândia;0;
MG;3119104;Corinto;3;
MG;3119203;Coroaci;1;
MG;3119302;Coromandel;4;
MG;3119401;Coronel Fabriciano;20;
MG;3119500;Coronel Murta;1;
MG;3119609;Coronel Pacheco;0;
MG;3119708;Coronel Xavier Chaves;1;
MG;3119807;Córrego Danta;0;
MG;3119906;Córrego do Bom Jesus;0;
MG;3119955;Córrego Fundo;1;
MG;3120003;Córrego Novo;1;
MG;3120102;Couto de Magalhães de Minas;2;
MG;3120151;Crisólita;0;
MG;3120201;Cristais;4;
MG;3120300;Cristália;0;
MG;3120409;Cristiano Otoni;1;
MG;3120508;Cristina;0;
MG;3120607;Crucilândia;2;
MG;3120706;Cruzeiro da Fortaleza;1;
MG;3120805;Cruzília;0;
MG;3120839;Cuparaque;1;
MG;3120870;Curral de Dentro;1;
MG;3120904;Curvelo;18;
MG;3121001;Datas;1;
MG;3121100;Delfim Moreira;0;
MG;3121209;Delfinópolis;0;
MG;3121258;Delta;1;
MG;3121308;Descoberto;1;
MG;3121407;Desterro de Entre Rios;0;
MG;3121506;Desterro do Melo;0;
MG;3121605;Diamantina;10;
MG;3121704;Diogo de Vasconcelos;0;
MG;3121803;Dionísio;0;
MG;3121902;Divinésia;0;
MG;3122009;Divino;2;
MG;3122108;Divino das Laranjeiras;0;
MG;3122207;Divinolândia de Minas;1;
MG;3122306;Divinópolis;31;
MG;3122355;Divisa Alegre;4;
MG;3122405;Divisa Nova;0;
MG;3122454;Divisópolis;0;
MG;3122470;Dom Bosco;1;
MG;3122504;Dom Cavati;1;
MG;3122603;Dom Joaquim;0;
MG;3122702;Dom Silvério;0;
MG;3122801;Dom Viçoso;0;
MG;3122900;Dona Eusébia;0;
MG;3123007;Dores de Campos;0;
MG;3123106;Dores de Guanhães;0;
MG;3123205;Dores do Indaiá;0;
MG;3123304;Dores do Turvo;2;
MG;3123403;Doresópolis;0;
MG;3123502;Douradoquara;0;
MG;3123528;Durandé;0;
MG;3123601;Elói Mendes;2;
MG;3123700;Engenheiro Caldas;7;
MG;3123809;Engenheiro Navarro;0;
MG;3123858;Entre Folhas;0;
MG;3123908;Entre Rios de Minas;0;
MG;3124005;Ervália;3;
MG;3124104;Esmeraldas;11;
MG;3124203;Espera Feliz;3;
MG;3124302;Espinosa;6;
MG;3124401;Espírito Santo do Dourado;0;
MG;3124500;Estiva;1;
MG;3124609;Estrela Dalva;0;
MG;3124708;Estrela do Indaiá;0;
MG;3124807;Estrela do Sul;0;
MG;3124906;Eugenópolis;2;
MG;3125002;Ewbank da Câmara;0;
MG;3125101;Extrema;3;
MG;3125200;Fama;0;
MG;3125309;Faria Lemos;2;
MG;3125408;Felício dos Santos;0;
MG;3125507;São Gonçalo do Rio Preto;0;
MG;3125606;Felisburgo;0;
MG;3125705;Felixlândia;3;
MG;3125804;Fernandes Tourinho;2;
MG;3125903;Ferros;1;
MG;3125952;Fervedouro;0;
MG;3126000;Florestal;0;
MG;3126109;Formiga;4;
MG;3126208;Formoso;2;
MG;3126307;Fortaleza de Minas;1;
MG;3126406;Fortuna de Minas;0;
MG;3126505;Francisco Badaró;0;
MG;3126604;Francisco Dumont;1;
MG;3126703;Francisco Sá;0;
MG;3126752;Franciscópolis;2;
MG;3126802;Frei Gaspar;1;
MG;3126901;Frei Inocêncio;5;
MG;3126950;Frei Lagonegro;0;
MG;3127008;Fronteira;4;
MG;3127057;Fronteira dos Vales;0;
MG;3127073;Fruta de Leite;0;
MG;3127107;Frutal;7;
MG;3127206;Funilândia;2;
MG;3127305;Galiléia;5;
MG;3127339;Gameleiras;0;
MG;3127354;Glaucilândia;0;
MG;3127370;Goiabeira;0;
MG;3127388;Goianá;0;
MG;3127404;Gonçalves;0;
MG;3127503;Gonzaga;1;
MG;3127602;Gouveia;2;
MG;3127701;Governador Valadares;89;
MG;3127800;Grão Mogol;1;
MG;3127909;Grupiara;0;
MG;3128006;Guanhães;3;
MG;3128105;Guapé;1;
MG;3128204;Guaraciaba;0;
MG;3128253;Guaraciama;0;
MG;3128303;Guaranésia;2;
MG;3128402;Guarani;2;
MG;3128501;Guarará;2;
MG;3128600;Guarda-Mor;3;
MG;3128709;Guaxupé;0;
MG;3128808;Guidoval;1;
MG;3128907;Guimarânia;1;
MG;3129004;Guiricema;1;
MG;3129103;Gurinhatã;0;
MG;3129202;Heliodora;1;
MG;3129301;Iapu;0;
MG;3129400;Ibertioga;0;
MG;3129509;Ibiá;7;
MG;3129608;Ibiaí;0;
MG;3129657;Ibiracatu;0;
MG;3129707;Ibiraci;1;
MG;3129806;Ibirité;29;
MG;3129905;Ibitiúra de Minas;0;
MG;3130002;Ibituruna;0;
MG;3130051;Icaraí de Minas;0;
MG;3130101;Igarapé;8;
MG;3130200;Igaratinga;0;
MG;3130309;Iguatama;0;
MG;3130408;Ijaci;0;
MG;3130507;Ilicínea;0;
MG;3130556;Imbé de Minas;0;
MG;3130606;Inconfidentes;0;
MG;3130655;Indaiabira;0;
MG;3130705;Indianópolis;0;
MG;3130804;Ingaí;0;
MG;3130903;Inhapim;1;
MG;3131000;Inhaúma;0;
MG;3131109;Inimutaba;0;
MG;3131158;Ipaba;2;
MG;3131208;Ipanema;1;
MG;3131307;Ipatinga;29;
MG;3131406;Ipiaçu;0;
MG;3131505;Ipuiúna;1;
MG;3131604;Iraí de Minas;3;
MG;3131703;Itabira;29;
MG;3131802;Itabirinha de Mantena;2;
MG;3131901;Itabirito;4;
MG;3132008;Itacambira;0;
MG;3132107;Itacarambi;4;
MG;3132206;Itaguara;1;
MG;3132305;Itaipé;2;
MG;3132404;Itajubá;6;
MG;3132503;Itamarandiba;3;
MG;3132602;Itamarati de Minas;0;
MG;3132701;Itambacuri;4;
MG;3132800;Itambé do Mato Dentro;0;
MG;3132909;Itamogi;0;
MG;3133006;Itamonte;0;
MG;3133105;Itanhandu;1;
MG;3133204;Itanhomi;3;
MG;3133303;Itaobim;5;
MG;3133402;Itapagipe;2;
MG;3133501;Itapecerica;0;
MG;3133600;Itapeva;3;
MG;3133709;Itatiaiuçu;6;
MG;3133758;Itaú de Minas;1;
MG;3133808;Itaúna;29;
MG;3133907;Itaverava;0;
MG;3134004;Itinga;3;
MG;3134103;Itueta;0;
MG;3134202;Ituiutaba;13;
MG;3134301;Itumirim;0;
MG;3134400;Iturama;5;
MG;3134509;Itutinga;0;
MG;3134608;Jaboticatubas;5;
MG;3134707;Jacinto;1;
MG;3134806;Jacuí;0;
MG;3134905;Jacutinga;1;
MG;3135001;Jaguaraçu;1;
MG;3135050;Jaíba;14;
MG;3135076;Jampruca;0;
MG;3135100;Janaúba;7;
MG;3135209;Januária;5;
MG;3135308;Japaraíba;0;
MG;3135357;Japonvar;1;
MG;3135407;Jeceaba;0;
MG;3135456;Jenipapo de Minas;0;
MG;3135506;Jequeri;4;
MG;3135605;Jequitaí;2;
MG;3135704;Jequitibá;2;
MG;3135803;Jequitinhonha;7;
MG;3135902;Jesuânia;0;
MG;3136009;Joaíma;4;
MG;3136108;Joanésia;0;
MG;3136207;João Monlevade;2;
MG;3136306;João Pinheiro;7;
MG;3136405;Joaquim Felício;1;
MG;3136504;Jordânia;4;
MG;3136520;José Gonçalves de Minas;0;
MG;3136553;José Raydan;0;
MG;3136579;Josenópolis;0;
MG;3136603;Nova União;1;
MG;3136652;Juatuba;7;
MG;3136702;Juiz de Fora;88;
MG;3136801;Juramento;0;
MG;3136900;Juruaia;0;
MG;3136959;Juvenília;1;
MG;3137007;Ladainha;0;
MG;3137106;Lagamar;0;
MG;3137205;Lagoa da Prata;4;
MG;3137304;Lagoa dos Patos;1;
MG;3137403;Lagoa Dourada;1;
MG;3137502;Lagoa Formosa;4;
MG;3137536;Lagoa Grande;2;
MG;3137601;Lagoa Santa;12;
MG;3137700;Lajinha;5;
MG;3137809;Lambari;1;
MG;3137908;Lamim;0;
MG;3138005;Laranjal;0;
MG;3138104;Lassance;0;
MG;3138203;Lavras;6;
MG;3138302;Leandro Ferreira;0;
MG;3138351;Leme do Prado;0;
MG;3138401;Leopoldina;2;
MG;3138500;Liberdade;1;
MG;3138609;Lima Duarte;1;
MG;3138625;Limeira do Oeste;0;
MG;3138658;Lontra;1;
MG;3138674;Luisburgo;1;
MG;3138682;Luislândia;1;
MG;3138708;Luminárias;0;
MG;3138807;Luz;1;
MG;3138906;Machacalis;1;
MG;3139003;Machado;1;
MG;3139102;Madre de Deus de Minas;0;
MG;3139201;Malacacheta;4;
MG;3139250;Mamonas;1;
MG;3139300;Manga;3;
MG;3139409;Manhuaçu;26;
MG;3139508;Manhumirim;4;
MG;3139607;Mantena;5;
MG;3139706;Maravilhas;0;
MG;3139805;Mar de Espanha;1;
MG;3139904;Maria da Fé;0;
MG;3140001;Mariana;8;
MG;3140100;Marilac;2;
MG;3140159;Mário Campos;0;
MG;3140209;Maripá de Minas;0;
MG;3140308;Marliéria;3;
MG;3140407;Marmelópolis;0;
MG;3140506;Martinho Campos;0;
MG;3140530;Martins Soares;0;
MG;3140555;Mata Verde;0;
MG;3140605;Materlândia;0;
MG;3140704;Mateus Leme;2;
MG;3140803;Matias Barbosa;0;
MG;3140852;Matias Cardoso;0;
MG;3140902;Matipó;0;
MG;3141009;Mato Verde;1;
MG;3141108;Matozinhos;8;
MG;3141207;Matutina;1;
MG;3141306;Medeiros;0;
MG;3141405;Medina;9;
MG;3141504;Mendes Pimentel;0;
MG;3141603;Mercês;0;
MG;3141702;Mesquita;0;
MG;3141801;Minas Novas;1;
MG;3141900;Minduri;3;
MG;3142007;Mirabela;3;
MG;3142106;Miradouro;0;
MG;3142205;Miraí;2;
MG;3142254;Miravânia;0;
MG;3142304;Moeda;0;
MG;3142403;Moema;1;
MG;3142502;Monjolos;0;
MG;3142601;Monsenhor Paulo;1;
MG;3142700;Montalvânia;1;
MG;3142809;Monte Alegre de Minas;0;
MG;3142908;Monte Azul;2;
MG;3143005;Monte Belo;2;
MG;3143104;Monte Carmelo;8;
MG;3143153;Monte Formoso;0;
MG;3143203;Monte Santo de Minas;1;
MG;3143302;Montes Claros;29;
MG;3143401;Monte Sião;1;
MG;3143450;Montezuma;0;
MG;3143500;Morada Nova de Minas;0;
MG;3143609;Morro da Garça;0;
MG;3143708;Morro do Pilar;0;
MG;3143807;Munhoz;1;
MG;3143906;Muriaé;9;
MG;3144003;Mutum;9;
MG;3144102;Muzambinho;3;
MG;3144201;Nacip Raydan;0;
MG;3144300;Nanuque;26;
MG;3144359;Naque;2;
MG;3144375;Natalândia;0;
MG;3144409;Natércia;1;
MG;3144508;Nazareno;0;
MG;3144607;Nepomuceno;1;
MG;3144656;Ninheira;0;
MG;3144672;Nova Belém;1;
MG;3144706;Nova Era;1;
MG;3144805;Nova Lima;3;
MG;3144904;Nova Módica;0;
MG;3145000;Nova Ponte;2;
MG;3145059;Nova Porteirinha;1;
MG;3145109;Nova Resende;3;
MG;3145208;Nova Serrana;31;
MG;3145307;Novo Cruzeiro;3;
MG;3145356;Novo Oriente de Minas;0;
MG;3145372;Novorizonte;1;
MG;3145406;Olaria;0;
MG;3145455;Olhos-d'Água;1;
MG;3145505;Olímpio Noronha;0;
MG;3145604;Oliveira;1;
MG;3145703;Oliveira Fortes;0;
MG;3145802;Onça de Pitangui;1;
MG;3145851;Oratórios;0;
MG;3145877;Orizânia;0;
MG;3145901;Ouro Branco;6;
MG;3146008;Ouro Fino;1;
MG;3146107;Ouro Preto;10;
MG;3146206;Ouro Verde de Minas;0;
MG;3146255;Padre Carvalho;0;
MG;3146305;Padre Paraíso;1;
MG;3146404;Paineiras;0;
MG;3146503;Pains;0;
MG;3146552;Pai Pedro;1;
MG;3146602;Paiva;0;
MG;3146701;Palma;3;
MG;3146750;Palmópolis;3;
MG;3146909;Papagaios;1;
MG;3147006;Paracatu;20;
MG;3147105;Pará de Minas;10;
MG;3147204;Paraguaçu;4;
MG;3147303;Paraisópolis;1;
MG;3147402;Paraopeba;10;
MG;3147501;Passabém;0;
MG;3147600;Passa Quatro;2;
MG;3147709;Passa Tempo;0;
MG;3147808;Passa-Vinte;0;
MG;3147907;Passos;8;
MG;3147956;Patis;0;
MG;3148004;Patos de Minas;22;
MG;3148103;Patrocínio;10;
MG;3148202;Patrocínio do Muriaé;1;
MG;3148301;Paula Cândido;2;
MG;3148400;Paulistas;0;
MG;3148509;Pavão;2;
MG;3148608;Peçanha;0;
MG;3148707;Pedra Azul;12;
MG;3148756;Pedra Bonita;3;
MG;3148806;Pedra do Anta;1;
MG;3148905;Pedra do Indaiá;0;
MG;3149002;Pedra Dourada;0;
MG;3149101;Pedralva;0;
MG;3149150;Pedras de Maria da Cruz;0;
MG;3149200;Pedrinópolis;1;
MG;3149309;Pedro Leopoldo;6;
MG;3149408;Pedro Teixeira;0;
MG;3149507;Pequeri;0;
MG;3149606;Pequi;0;
MG;3149705;Perdigão;1;
MG;3149804;Perdizes;2;
MG;3149903;Perdões;0;
MG;3149952;Periquito;6;
MG;3150000;Pescador;0;
MG;3150109;Piau;0;
MG;3150158;Piedade de Caratinga;1;
MG;3150208;Piedade de Ponte Nova;0;
MG;3150307;Piedade do Rio Grande;0;
MG;3150406;Piedade dos Gerais;0;
MG;3150505;Pimenta;0;
MG;3150539;Pingo-d'Água;0;
MG;3150570;Pintópolis;0;
MG;3150604;Piracema;1;
MG;3150703;Pirajuba;0;
MG;3150802;Piranga;2;
MG;3150901;Piranguçu;0;
MG;3151008;Piranguinho;0;
MG;3151107;Pirapetinga;0;
MG;3151206;Pirapora;13;
MG;3151305;Piraúba;1;
MG;3151404;Pitangui;3;
MG;3151503;Piumhi;0;
MG;3151602;Planura;1;
MG;3151701;Poço Fundo;1;
MG;3151800;Poços de Caldas;10;
MG;3151909;Pocrane;0;
MG;3152006;Pompéu;13;
MG;3152105;Ponte Nova;14;
MG;3152131;Ponto Chique;;
MG;3152170;Ponto dos Volantes;3;
MG;3152204;Porteirinha;10;
MG;3152303;Porto Firme;1;
MG;3152402;Poté;2;
MG;3152501;Pouso Alegre;9;
MG;3152600;Pouso Alto;0;
MG;3152709;Prados;0;
MG;3152808;Prata;8;
MG;3152907;Pratápolis;0;
MG;3153004;Pratinha;0;
MG;3153103;Presidente Bernardes;0;
MG;3153202;Presidente Juscelino;0;
MG;3153301;Presidente Kubitschek;1;
MG;3153400;Presidente Olegário;1;
MG;3153509;Alto Jequitibá;0;
MG;3153608;Prudente de Morais;0;
MG;3153707;Quartel Geral;1;
MG;3153806;Queluzito;0;
MG;3153905;Raposos;0;
MG;3154002;Raul Soares;1;
MG;3154101;Recreio;0;
MG;3154150;Reduto;4;
MG;3154200;Resende Costa;0;
MG;3154309;Resplendor;2;
MG;3154408;Ressaquinha;1;
MG;3154457;Riachinho;2;
MG;3154507;Riacho dos Machados;2;
MG;3154606;Ribeirão das Neves;30;
MG;3154705;Ribeirão Vermelho;0;
MG;3154804;Rio Acima;0;
MG;3154903;Rio Casca;0;
MG;3155009;Rio Doce;0;
MG;3155108;Rio do Prado;1;
MG;3155207;Rio Espera;0;
MG;3155306;Rio Manso;0;
MG;3155405;Rio Novo;2;
MG;3155504;Rio Paranaíba;2;
MG;3155603;Rio Pardo de Minas;1;
MG;3155702;Rio Piracicaba;2;
MG;3155801;Rio Pomba;2;
MG;3155900;Rio Preto;0;
MG;3156007;Rio Vermelho;1;
MG;3156106;Ritápolis;0;
MG;3156205;Rochedo de Minas;0;
MG;3156304;Rodeiro;3;
MG;3156403;Romaria;2;
MG;3156452;Rosário da Limeira;0;
MG;3156502;Rubelita;1;
MG;3156601;Rubim;1;
MG;3156700;Sabará;11;
MG;3156809;Sabinópolis;0;
MG;3156908;Sacramento;1;
MG;3157005;Salinas;5;
MG;3157104;Salto da Divisa;1;
MG;3157203;Santa Bárbara;3;
MG;3157252;Santa Bárbara do Leste;2;
MG;3157278;Santa Bárbara do Monte Verde;0;
MG;3157302;Santa Bárbara do Tugúrio;0;
MG;3157336;Santa Cruz de Minas;1;
MG;3157377;Santa Cruz de Salinas;0;
MG;3157401;Santa Cruz do Escalvado;1;
MG;3157500;Santa Efigênia de Minas;0;
MG;3157609;Santa Fé de Minas;0;
MG;3157658;Santa Helena de Minas;2;
MG;3157708;Santa Juliana;1;
MG;3157807;Santa Luzia;25;
MG;3157906;Santa Margarida;0;
MG;3158003;Santa Maria de Itabira;1;
MG;3158102;Santa Maria do Salto;2;
MG;3158201;Santa Maria do Suaçuí;7;
MG;3158300;Santana da Vargem;0;
MG;3158409;Santana de Cataguases;2;
MG;3158508;Santana de Pirapama;4;
MG;3158607;Santana do Deserto;1;
MG;3158706;Santana do Garambéu;0;
MG;3158805;Santana do Jacaré;0;
MG;3158904;Santana do Manhuaçu;4;
MG;3158953;Santana do Paraíso;3;
MG;3159001;Santana do Riacho;0;
MG;3159100;Santana dos Montes;0;
MG;3159209;Santa Rita de Caldas;0;
MG;3159308;Santa Rita de Jacutinga;0;
MG;3159357;Santa Rita de Minas;3;
MG;3159407;Santa Rita de Ibitipoca;0;
MG;3159506;Santa Rita do Itueto;1;
MG;3159605;Santa Rita do Sapucaí;2;
MG;3159704;Santa Rosa da Serra;1;
MG;3159803;Santa Vitória;6;
MG;3159902;Santo Antônio do Amparo;3;
MG;3160009;Santo Antônio do Aventureiro;0;
MG;3160108;Santo Antônio do Grama;1;
MG;3160207;Santo Antônio do Itambé;0;
MG;3160306;Santo Antônio do Jacinto;4;
MG;3160405;Santo Antônio do Monte;0;
MG;3160454;Santo Antônio do Retiro;0;
MG;3160504;Santo Antônio do Rio Abaixo;0;
MG;3160603;Santo Hipólito;0;
MG;3160702;Santos Dumont;3;
MG;3160801;São Bento Abade;0;
MG;3160900;São Brás do Suaçuí;0;
MG;3160959;São Domingos das Dores;0;
MG;3161007;São Domingos do Prata;0;
MG;3161056;São Félix de Minas;0;
MG;3161106;São Francisco;5;
MG;3161205;São Francisco de Paula;0;
MG;3161304;São Francisco de Sales;0;
MG;3161403;São Francisco do Glória;0;
MG;3161502;São Geraldo;5;
MG;3161601;São Geraldo da Piedade;0;
MG;3161650;São Geraldo do Baixio;0;
MG;3161700;São Gonçalo do Abaeté;0;
MG;3161809;São Gonçalo do Pará;0;
MG;3161908;São Gonçalo do Rio Abaixo;1;
MG;3162005;São Gonçalo do Sapucaí;3;
MG;3162104;São Gotardo;9;
MG;3162203;São João Batista do Glória;1;
MG;3162252;São João da Lagoa;0;
MG;3162302;São João da Mata;0;
MG;3162401;São João da Ponte;2;
MG;3162450;São João das Missões;3;
MG;3162500;São João del Rei;4;
MG;3162559;São João do Manhuaçu;1;
MG;3162575;São João do Manteninha;5;
MG;3162609;São João do Oriente;1;
MG;3162658;São João do Pacuí;0;
MG;3162708;São João do Paraíso;1;
MG;3162807;São João Evangelista;0;
MG;3162906;São João Nepomuceno;7;
MG;3162922;São Joaquim de Bicas;6;
MG;3162948;São José da Barra;0;
MG;3162955;São José da Lapa;1;
MG;3163003;São José da Safira;0;
MG;3163102;São José da Varginha;0;
MG;3163201;São José do Alegre;0;
MG;3163300;São José do Divino;1;
MG;3163409;São José do Goiabal;1;
MG;3163508;São José do Jacuri;1;
MG;3163607;São José do Mantimento;0;
MG;3163706;São Lourenço;5;
MG;3163805;São Miguel do Anta;2;
MG;3163904;São Pedro da União;0;
MG;3164001;São Pedro dos Ferros;0;
MG;3164100;São Pedro do Suaçuí;1;
MG;3164209;São Romão;3;
MG;3164308;São Roque de Minas;0;
MG;3164407;São Sebastião da Bela Vista;1;
MG;3164431;São Sebastião da Vargem Alegre;1;
MG;3164472;São Sebastião do Anta;4;
MG;3164506;São Sebastião do Maranhão;0;
MG;3164605;São Sebastião do Oeste;0;
MG;3164704;São Sebastião do Paraíso;4;
MG;3164803;São Sebastião do Rio Preto;0;
MG;3164902;São Sebastião do Rio Verde;0;
MG;3165008;São Tiago;0;
MG;3165107;São Tomás de Aquino;1;
MG;3165206;São Thomé das Letras;1;
MG;3165305;São Vicente de Minas;0;
MG;3165404;Sapucaí-Mirim;0;
MG;3165503;Sardoá;3;
MG;3165537;Sarzedo;1;
MG;3165552;Setubinha;2;
MG;3165560;Sem-Peixe;0;
MG;3165578;Senador Amaral;1;
MG;3165602;Senador Cortes;0;
MG;3165701;Senador Firmino;2;
MG;3165800;Senador José Bento;0;
MG;3165909;Senador Modestino Gonçalves;0;
MG;3166006;Senhora de Oliveira;0;
MG;3166105;Senhora do Porto;0;
MG;3166204;Senhora dos Remédios;0;
MG;3166303;Sericita;1;
MG;3166402;Seritinga;0;
MG;3166501;Serra Azul de Minas;0;
MG;3166600;Serra da Saudade;0;
MG;3166709;Serra dos Aimorés;2;
MG;3166808;Serra do Salitre;4;
MG;3166907;Serrania;0;
MG;3166956;Serranópolis de Minas;1;
MG;3167004;Serranos;0;
MG;3167103;Serro;3;
MG;3167202;Sete Lagoas;40;
MG;3167301;Silveirânia;0;
MG;3167400;Silvianópolis;0;
MG;3167509;Simão Pereira;0;
MG;3167608;Simonésia;8;
MG;3167707;Sobrália;1;
MG;3167806;Soledade de Minas;0;
MG;3167905;Tabuleiro;2;
MG;3168002;Taiobeiras;1;
MG;3168051;Taparuba;1;
MG;3168101;Tapira;0;
MG;3168200;Tapiraí;0;
MG;3168309;Taquaraçu de Minas;0;
MG;3168408;Tarumirim;1;
MG;3168507;Teixeiras;5;
MG;3168606;Teófilo Otoni;20;
MG;3168705;Timóteo;24;
MG;3168804;Tiradentes;0;
MG;3168903;Tiros;2;
MG;3169000;Tocantins;6;
MG;3169059;Tocos do Moji;0;
MG;3169109;Toledo;0;
MG;3169208;Tombos;0;
MG;3169307;Três Corações;8;
MG;3169356;Três Marias;8;
MG;3169406;Três Pontas;3;
MG;3169505;Tumiritinga;1;
MG;3169604;Tupaciguara;4;
MG;3169703;Turmalina;0;
MG;3169802;Turvolândia;0;
MG;3169901;Ubá;20;
MG;3170008;Ubaí;2;
MG;3170057;Ubaporanga;1;
MG;3170107;Uberaba;22;
MG;3170206;Uberlândia;33;
MG;3170305;Umburatiba;0;
MG;3170404;Unaí;11;
MG;3170438;União de Minas;0;
MG;3170479;Uruana de Minas;1;
MG;3170503;Urucânia;0;
MG;3170529;Urucuia;3;
MG;3170578;Vargem Alegre;0;
MG;3170602;Vargem Bonita;0;
MG;3170651;Vargem Grande do Rio Pardo;0;
MG;3170701;Varginha;8;
MG;3170750;Varjão de Minas;1;
MG;3170800;Várzea da Palma;2;
MG;3170909;Varzelândia;3;
MG;3171006;Vazante;0;
MG;3171030;Verdelândia;2;
MG;3171071;Veredinha;0;
MG;3171105;Veríssimo;0;
MG;3171154;Vermelho Novo;0;
MG;3171204;Vespasiano;28;
MG;3171303;Viçosa;25;
MG;3171402;Vieiras;0;
MG;3171501;Mathias Lobato;1;
MG;3171600;Virgem da Lapa;1;
MG;3171709;Virgínia;1;
MG;3171808;Virginópolis;2;
MG;3171907;Virgolândia;0;
MG;3172004;Visconde do Rio Branco;21;
MG;3172103;Volta Grande;0;
MG;3172202;Wenceslau Braz;1;
RJ;3300100;Angra dos Reis;66;
RJ;3300159;Aperibé;2;
RJ;3300209;Araruama;39;
RJ;3300225;Areal;0;
RJ;3300233;Armação dos Búzios;19;
RJ;3300258;Arraial do Cabo;7;
RJ;3300308;Barra do Piraí;19;
RJ;3300407;Barra Mansa;52;
RJ;3300456;Belford Roxo;119;
RJ;3300506;Bom Jardim;3;
RJ;3300605;Bom Jesus do Itabapoana;6;
RJ;3300704;Cabo Frio;71;
RJ;3300803;Cachoeiras de Macacu;17;
RJ;3300902;Cambuci;2;
RJ;3300936;Carapebus;5;
RJ;3300951;Comendador Levy Gasparian;1;
RJ;3301009;Campos dos Goytacazes;126;
RJ;3301108;Cantagalo;0;
RJ;3301157;Cardoso Moreira;0;
RJ;3301207;Carmo;1;
RJ;3301306;Casimiro de Abreu;15;
RJ;3301405;Conceição de Macabu;11;
RJ;3301504;Cordeiro;2;
RJ;3301603;Duas Barras;1;
RJ;3301702;Duque de Caxias;303;
RJ;3301801;Engenheiro Paulo de Frontin;0;
RJ;3301850;Guapimirim;22;
RJ;3301876;Iguaba Grande;8;
RJ;3301900;Itaboraí;88;
RJ;3302007;Itaguaí;42;
RJ;3302056;Italva;3;
RJ;3302106;Itaocara;3;
RJ;3302205;Itaperuna;36;
RJ;3302254;Itatiaia;5;
RJ;3302270;Japeri;23;
RJ;3302304;Laje do Muriaé;3;
RJ;3302403;Macaé;97;
RJ;3302452;Macuco;0;
RJ;3302502;Magé;88;
RJ;3302601;Mangaratiba;2;
RJ;3302700;Maricá;31;
RJ;3302809;Mendes;2;
RJ;3302858;Mesquita;34;
RJ;3302908;Miguel Pereira;2;
RJ;3303005;Miracema;4;
RJ;3303104;Natividade;0;
RJ;3303203;Nilópolis;36;
RJ;3303302;Niterói;88;
RJ;3303401;Nova Friburgo;16;
RJ;3303500;Nova Iguaçu;198;
RJ;3303609;Paracambi;6;
RJ;3303708;Paraíba do Sul;7;
RJ;3303807;Parati;23;
RJ;3303856;Paty do Alferes;5;
RJ;3303906;Petrópolis;27;
RJ;3303955;Pinheiral;5;
RJ;3304003;Piraí;5;
RJ;3304102;Porciúncula;1;
RJ;3304110;Porto Real;10;
RJ;3304128;Quatis;1;
RJ;3304144;Queimados;52;
RJ;3304151;Quissamã;10;
RJ;3304201;Resende;38;
RJ;3304300;Rio Bonito;6;
RJ;3304409;Rio Claro;6;
RJ;3304508;Rio das Flores;0;
RJ;3304524;Rio das Ostras;46;
RJ;3304557;Rio de Janeiro;1042;
RJ;3304607;Santa Maria Madalena;1;
RJ;3304706;Santo Antônio de Pádua;10;
RJ;3304755;São Francisco de Itabapoana;33;
RJ;3304805;São Fidélis;3;
RJ;3304904;São Gonçalo;251;
RJ;3305000;São João da Barra;8;
RJ;3305109;São João de Meriti;139;
RJ;3305133;São José de Ubá;1;
RJ;3305158;São José do Vale do Rio Preto;0;
RJ;3305208;São Pedro da Aldeia;22;
RJ;3305307;São Sebastião do Alto;0;
RJ;3305406;Sapucaia;2;
RJ;3305505;Saquarema;16;
RJ;3305554;Seropédica;9;
RJ;3305604;Silva Jardim;4;
RJ;3305703;Sumidouro;1;
RJ;3305752;Tanguá;9;
RJ;3305802;Teresópolis;32;
RJ;3305901;Trajano de Morais;1;
RJ;3306008;Três Rios;25;
RJ;3306107;Valença;9;
RJ;3306156;Varre-Sai;0;
RJ;3306206;Vassouras;3;
RJ;3306305;Volta Redonda;73;
RJ;3399919;Sâo João Marcos;;
RJ;3399929;São Sebastião do Parahyba;;
SP;3500105;Adamantina;2;
SP;3500204;Adolfo;1;
SP;3500303;Aguaí;1;
SP;3500402;Águas da Prata;0;
SP;3500501;Águas de Lindóia;0;
SP;3500550;Águas de Santa Bárbara;0;
SP;3500600;Águas de São Pedro;1;
SP;3500709;Agudos;5;
SP;3500758;Alambari;0;
SP;3500808;Alfredo Marcondes;0;
SP;3500907;Altair;0;
SP;3501004;Altinópolis;0;
SP;3501103;Alto Alegre;0;
SP;3501152;Alumínio;0;
SP;3501202;Álvares Florence;0;
SP;3501301;Álvares Machado;6;
SP;3501400;Álvaro de Carvalho;0;
SP;3501509;Alvinlândia;0;
SP;3501608;Americana;14;
SP;3501707;Américo Brasiliense;8;
SP;3501806;Américo de Campos;0;
SP;3501905;Amparo;0;
SP;3502002;Analândia;1;
SP;3502101;Andradina;7;
SP;3502200;Angatuba;1;
SP;3502309;Anhembi;2;
SP;3502408;Anhumas;0;
SP;3502507;Aparecida;10;
SP;3502606;Aparecida d'Oeste;1;
SP;3502705;Apiaí;5;
SP;3502754;Araçariguama;2;
SP;3502804;Araçatuba;36;
SP;3502903;Araçoiaba da Serra;4;
SP;3503000;Aramina;0;
SP;3503109;Arandu;0;
SP;3503158;Arapeí;1;
SP;3503208;Araraquara;9;
SP;3503307;Araras;14;
SP;3503356;Arco-Íris;0;
SP;3503406;Arealva;2;
SP;3503505;Areias;0;
SP;3503604;Areiópolis;2;
SP;3503703;Ariranha;0;
SP;3503802;Artur Nogueira;2;
SP;3503901;Arujá;3;
SP;3503950;Aspásia;0;
SP;3504008;Assis;11;
SP;3504107;Atibaia;5;
SP;3504206;Auriflama;3;
SP;3504305;Avaí;1;
SP;3504404;Avanhandava;1;
SP;3504503;Avaré;1;
SP;3504602;Bady Bassitt;1;
SP;3504701;Balbinos;0;
SP;3504800;Bálsamo;1;
SP;3504909;Bananal;0;
SP;3505005;Barão de Antonina;0;
SP;3505104;Barbosa;0;
SP;3505203;Bariri;2;
SP;3505302;Barra Bonita;0;
SP;3505351;Barra do Chapéu;0;
SP;3505401;Barra do Turvo;0;
SP;3505500;Barretos;16;
SP;3505609;Barrinha;2;
SP;3505708;Barueri;20;
SP;3505807;Bastos;3;
SP;3505906;Batatais;1;
SP;3506003;Bauru;29;
SP;3506102;Bebedouro;11;
SP;3506201;Bento de Abreu;0;
SP;3506300;Bernardino de Campos;0;
SP;3506359;Bertioga;5;
SP;3506409;Bilac;0;
SP;3506508;Birigui;16;
SP;3506607;Biritiba-Mirim;2;
SP;3506706;Boa Esperança do Sul;0;
SP;3506805;Bocaina;0;
SP;3506904;Bofete;0;
SP;3507001;Boituva;1;
SP;3507100;Bom Jesus dos Perdões;5;
SP;3507159;Bom Sucesso de Itararé;0;
SP;3507209;Borá;0;
SP;3507308;Boracéia;0;
SP;3507407;Borborema;0;
SP;3507456;Borebi;0;
SP;3507506;Botucatu;4;
SP;3507605;Bragança Paulista;8;
SP;3507704;Braúna;0;
SP;3507753;Brejo Alegre;1;
SP;3507803;Brodowski;4;
SP;3507902;Brotas;3;
SP;3508009;Buri;5;
SP;3508108;Buritama;1;
SP;3508207;Buritizal;1;
SP;3508306;Cabrália Paulista;0;
SP;3508405;Cabreúva;4;
SP;3508504;Caçapava;22;
SP;3508603;Cachoeira Paulista;3;
SP;3508702;Caconde;2;
SP;3508801;Cafelândia;2;
SP;3508900;Caiabu;0;
SP;3509007;Caieiras;6;
SP;3509106;Caiuá;1;
SP;3509205;Cajamar;11;
SP;3509254;Cajati;2;
SP;3509304;Cajobi;1;
SP;3509403;Cajuru;2;
SP;3509452;Campina do Monte Alegre;1;
SP;3509502;Campinas;134;
SP;3509601;Campo Limpo Paulista;8;
SP;3509700;Campos do Jordão;1;
SP;3509809;Campos Novos Paulista;1;
SP;3509908;Cananéia;2;
SP;3509957;Canas;4;
SP;3510005;Cândido Mota;0;
SP;3510104;Cândido Rodrigues;0;
SP;3510153;Canitar;0;
SP;3510203;Capão Bonito;2;
SP;3510302;Capela do Alto;1;
SP;3510401;Capivari;4;
SP;3510500;Caraguatatuba;33;
SP;3510609;Carapicuíba;33;
SP;3510708;Cardoso;1;
SP;3510807;Casa Branca;1;
SP;3510906;Cássia dos Coqueiros;1;
SP;3511003;Castilho;2;
SP;3511102;Catanduva;7;
SP;3511201;Catiguá;0;
SP;3511300;Cedral;2;
SP;3511409;Cerqueira César;2;
SP;3511508;Cerquilho;0;
SP;3511607;Cesário Lange;4;
SP;3511706;Charqueada;0;
SP;3511904;Clementina;2;
SP;3512001;Colina;1;
SP;3512100;Colômbia;0;
SP;3512209;Conchal;6;
SP;3512308;Conchas;2;
SP;3512407;Cordeirópolis;3;
SP;3512506;Coroados;0;
SP;3512605;Coronel Macedo;0;
SP;3512704;Corumbataí;0;
SP;3512803;Cosmópolis;6;
SP;3512902;Cosmorama;0;
SP;3513009;Cotia;27;
SP;3513108;Cravinhos;2;
SP;3513207;Cristais Paulista;0;
SP;3513306;Cruzália;0;
SP;3513405;Cruzeiro;34;
SP;3513504;Cubatão;12;
SP;3513603;Cunha;3;
SP;3513702;Descalvado;2;
SP;3513801;Diadema;31;
SP;3513850;Dirce Reis;0;
SP;3513900;Divinolândia;0;
SP;3514007;Dobrada;0;
SP;3514106;Dois Córregos;2;
SP;3514205;Dolcinópolis;0;
SP;3514304;Dourado;2;
SP;3514403;Dracena;5;
SP;3514502;Duartina;2;
SP;3514601;Dumont;0;
SP;3514700;Echaporã;0;
SP;3514809;Eldorado;0;
SP;3514908;Elias Fausto;2;
SP;3514924;Elisiário;0;
SP;3514957;Embaúba;1;
SP;3515004;Embu;23;
SP;3515103;Embu-Guaçu;3;
SP;3515129;Emilianópolis;0;
SP;3515152;Engenheiro Coelho;0;
SP;3515186;Espírito Santo do Pinhal;1;
SP;3515194;Espírito Santo do Turvo;0;
SP;3515202;Estrela d'Oeste;0;
SP;3515301;Estrela do Norte;2;
SP;3515350;Euclides da Cunha Paulista;2;
SP;3515400;Fartura;1;
SP;3515509;Fernandópolis;4;
SP;3515608;Fernando Prestes;0;
SP;3515657;Fernão;0;
SP;3515707;Ferraz de Vasconcelos;10;
SP;3515806;Flora Rica;0;
SP;3515905;Floreal;0;
SP;3516002;Flórida Paulista;0;
SP;3516101;Florínia;0;
SP;3516200;Franca;23;
SP;3516309;Francisco Morato;21;
SP;3516408;Franco da Rocha;11;
SP;3516507;Gabriel Monteiro;0;
SP;3516606;Gália;0;
SP;3516705;Garça;4;
SP;3516804;Gastão Vidigal;0;
SP;3516853;Gavião Peixoto;1;
SP;3516903;General Salgado;1;
SP;3517000;Getulina;0;
SP;3517109;Glicério;0;
SP;3517208;Guaiçara;1;
SP;3517307;Guaimbê;0;
SP;3517406;Guaíra;2;
SP;3517505;Guapiaçu;3;
SP;3517604;Guapiara;1;
SP;3517703;Guará;1;
SP;3517802;Guaraçaí;1;
SP;3517901;Guaraci;2;
SP;3518008;Guarani d'Oeste;0;
SP;3518107;Guarantã;0;
SP;3518206;Guararapes;2;
SP;3518305;Guararema;2;
SP;3518404;Guaratinguetá;19;
SP;3518503;Guareí;0;
SP;3518602;Guariba;4;
SP;3518701;Guarujá;47;
SP;3518800;Guarulhos;82;
SP;3518859;Guatapará;0;
SP;3518909;Guzolândia;1;
SP;3519006;Herculândia;0;
SP;3519055;Holambra;0;
SP;3519071;Hortolândia;21;
SP;3519105;Iacanga;1;
SP;3519204;Iacri;1;
SP;3519253;Iaras;0;
SP;3519303;Ibaté;3;
SP;3519402;Ibirá;1;
SP;3519501;Ibirarema;0;
SP;3519600;Ibitinga;3;
SP;3519709;Ibiúna;9;
SP;3519808;Icém;0;
SP;3519907;Iepê;2;
SP;3520004;Igaraçu do Tietê;1;
SP;3520103;Igarapava;2;
SP;3520202;Igaratá;1;
SP;3520301;Iguape;5;
SP;3520400;Ilhabela;2;
SP;3520426;Ilha Comprida;0;
SP;3520442;Ilha Solteira;1;
SP;3520509;Indaiatuba;14;
SP;3520608;Indiana;0;
SP;3520707;Indiaporã;0;
SP;3520806;Inúbia Paulista;0;
SP;3520905;Ipaussu;1;
SP;3521002;Iperó;4;
SP;3521101;Ipeúna;0;
SP;3521150;Ipiguá;0;
SP;3521200;Iporanga;0;
SP;3521309;Ipuã;0;
SP;3521408;Iracemápolis;2;
SP;3521507;Irapuã;0;
SP;3521606;Irapuru;0;
SP;3521705;Itaberá;1;
SP;3521804;Itaí;2;
SP;3521903;Itajobi;3;
SP;3522000;Itaju;0;
SP;3522109;Itanhaém;17;
SP;3522158;Itaóca;0;
SP;3522208;Itapecerica da Serra;6;
SP;3522307;Itapetininga;8;
SP;3522406;Itapeva;5;
SP;3522505;Itapevi;27;
SP;3522604;Itapira;5;
SP;3522653;Itapirapuã Paulista;0;
SP;3522703;Itápolis;1;
SP;3522802;Itaporanga;0;
SP;3522901;Itapuí;0;
SP;3523008;Itapura;1;
SP;3523107;Itaquaquecetuba;28;
SP;3523206;Itararé;3;
SP;3523305;Itariri;3;
SP;3523404;Itatiba;8;
SP;3523503;Itatinga;0;
SP;3523602;Itirapina;1;
SP;3523701;Itirapuã;0;
SP;3523800;Itobi;1;
SP;3523909;Itu;9;
SP;3524006;Itupeva;3;
SP;3524105;Ituverava;4;
SP;3524204;Jaborandi;0;
SP;3524303;Jaboticabal;5;
SP;3524402;Jacareí;22;
SP;3524501;Jaci;0;
SP;3524600;Jacupiranga;3;
SP;3524709;Jaguariúna;0;
SP;3524808;Jales;1;
SP;3524907;Jambeiro;0;
SP;3525003;Jandira;8;
SP;3525102;Jardinópolis;9;
SP;3525201;Jarinu;4;
SP;3525300;Jaú;6;
SP;3525409;Jeriquara;0;
SP;3525508;Joanópolis;0;
SP;3525607;João Ramalho;0;
SP;3525706;José Bonifácio;2;
SP;3525805;Júlio Mesquita;0;
SP;3525854;Jumirim;0;
SP;3525904;Jundiaí;27;
SP;3526001;Junqueirópolis;1;
SP;3526100;Juquiá;3;
SP;3526209;Juquitiba;0;
SP;3526308;Lagoinha;0;
SP;3526407;Laranjal Paulista;2;
SP;3526506;Lavínia;0;
SP;3526605;Lavrinhas;1;
SP;3526704;Leme;17;
SP;3526803;Lençóis Paulista;2;
SP;3526902;Limeira;19;
SP;3527009;Lindóia;1;
SP;3527108;Lins;8;
SP;3527207;Lorena;28;
SP;3527256;Lourdes;0;
SP;3527306;Louveira;3;
SP;3527405;Lucélia;0;
SP;3527504;Lucianópolis;0;
SP;3527603;Luís Antônio;0;
SP;3527702;Luiziânia;0;
SP;3527801;Lupércio;0;
SP;3527900;Lutécia;2;
SP;3528007;Macatuba;2;
SP;3528106;Macaubal;0;
SP;3528205;Macedônia;1;
SP;3528304;Magda;0;
SP;3528403;Mairinque;7;
SP;3528502;Mairiporã;6;
SP;3528601;Manduri;0;
SP;3528700;Marabá Paulista;0;
SP;3528809;Maracaí;0;
SP;3528858;Marapoama;0;
SP;3528908;Mariápolis;1;
SP;3529005;Marília;14;
SP;3529104;Marinópolis;0;
SP;3529203;Martinópolis;0;
SP;3529302;Matão;4;
SP;3529401;Mauá;25;
SP;3529500;Mendonça;1;
SP;3529609;Meridiano;0;
SP;3529658;Mesópolis;0;
SP;3529708;Miguelópolis;1;
SP;3529807;Mineiros do Tietê;0;
SP;3529906;Miracatu;4;
SP;3530003;Mira Estrela;0;
SP;3530102;Mirandópolis;3;
SP;3530201;Mirante do Paranapanema;1;
SP;3530300;Mirassol;5;
SP;3530409;Mirassolândia;0;
SP;3530508;Mococa;4;
SP;3530607;Moji das Cruzes;22;
SP;3530706;Mogi Guaçu;15;
SP;3530805;Moji-Mirim;13;
SP;3530904;Mombuca;0;
SP;3531001;Monções;0;
SP;3531100;Mongaguá;1;
SP;3531209;Monte Alegre do Sul;0;
SP;3531308;Monte Alto;5;
SP;3531407;Monte Aprazível;1;
SP;3531506;Monte Azul Paulista;0;
SP;3531605;Monte Castelo;1;
SP;3531704;Monteiro Lobato;0;
SP;3531803;Monte Mor;13;
SP;3531902;Morro Agudo;2;
SP;3532009;Morungaba;0;
SP;3532058;Motuca;0;
SP;3532108;Murutinga do Sul;0;
SP;3532157;Nantes;0;
SP;3532207;Narandiba;0;
SP;3532306;Natividade da Serra;0;
SP;3532405;Nazaré Paulista;4;
SP;3532504;Neves Paulista;0;
SP;3532603;Nhandeara;0;
SP;3532702;Nipoã;0;
SP;3532801;Nova Aliança;0;
SP;3532827;Nova Campina;0;
SP;3532843;Nova Canaã Paulista;0;
SP;3532868;Nova Castilho;0;
SP;3532900;Nova Europa;0;
SP;3533007;Nova Granada;7;
SP;3533106;Nova Guataporanga;0;
SP;3533205;Nova Independência;0;
SP;3533254;Novais;0;
SP;3533304;Nova Luzitânia;0;
SP;3533403;Nova Odessa;2;
SP;3533502;Novo Horizonte;1;
SP;3533601;Nuporanga;0;
SP;3533700;Ocauçu;0;
SP;3533809;Óleo;1;
SP;3533908;Olímpia;4;
SP;3534005;Onda Verde;0;
SP;3534104;Oriente;0;
SP;3534203;Orindiúva;0;
SP;3534302;Orlândia;3;
SP;3534401;Osasco;61;
SP;3534500;Oscar Bressane;0;
SP;3534609;Osvaldo Cruz;2;
SP;3534708;Ourinhos;7;
SP;3534757;Ouroeste;0;
SP;3534807;Ouro Verde;0;
SP;3534906;Pacaembu;1;
SP;3535002;Palestina;2;
SP;3535101;Palmares Paulista;0;
SP;3535200;Palmeira d'Oeste;1;
SP;3535309;Palmital;2;
SP;3535408;Panorama;0;
SP;3535507;Paraguaçu Paulista;3;
SP;3535606;Paraibuna;3;
SP;3535705;Paraíso;1;
SP;3535804;Paranapanema;1;
SP;3535903;Paranapuã;0;
SP;3536000;Parapuã;0;
SP;3536109;Pardinho;0;
SP;3536208;Pariquera-Açu;0;
SP;3536257;Parisi;0;
SP;3536307;Patrocínio Paulista;0;
SP;3536406;Paulicéia;1;
SP;3536505;Paulínia;8;
SP;3536570;Paulistânia;0;
SP;3536604;Paulo de Faria;0;
SP;3536703;Pederneiras;2;
SP;3536802;Pedra Bela;1;
SP;3536901;Pedranópolis;0;
SP;3537008;Pedregulho;2;
SP;3537107;Pedreira;5;
SP;3537156;Pedrinhas Paulista;1;
SP;3537206;Pedro de Toledo;3;
SP;3537305;Penápolis;6;
SP;3537404;Pereira Barreto;5;
SP;3537503;Pereiras;0;
SP;3537602;Peruíbe;8;
SP;3537701;Piacatu;0;
SP;3537800;Piedade;6;
SP;3537909;Pilar do Sul;1;
SP;3538006;Pindamonhangaba;12;
SP;3538105;Pindorama;0;
SP;3538204;Pinhalzinho;5;
SP;3538303;Piquerobi;1;
SP;3538501;Piquete;2;
SP;3538600;Piracaia;1;
SP;3538709;Piracicaba;39;
SP;3538808;Piraju;0;
SP;3538907;Pirajuí;2;
SP;3539004;Pirangi;0;
SP;3539103;Pirapora do Bom Jesus;2;
SP;3539202;Pirapozinho;2;
SP;3539301;Pirassununga;4;
SP;3539400;Piratininga;0;
SP;3539509;Pitangueiras;0;
SP;3539608;Planalto;0;
SP;3539707;Platina;0;
SP;3539806;Poá;1;
SP;3539905;Poloni;1;
SP;3540002;Pompéia;0;
SP;3540101;Pongaí;0;
SP;3540200;Pontal;3;
SP;3540259;Pontalinda;0;
SP;3540309;Pontes Gestal;0;
SP;3540408;Populina;1;
SP;3540507;Porangaba;1;
SP;3540606;Porto Feliz;1;
SP;3540705;Porto Ferreira;6;
SP;3540754;Potim;8;
SP;3540804;Potirendaba;5;
SP;3540853;Pracinha;0;
SP;3540903;Pradópolis;0;
SP;3541000;Praia Grande;38;
SP;3541059;Pratânia;0;
SP;3541109;Presidente Alves;0;
SP;3541208;Presidente Bernardes;0;
SP;3541307;Presidente Epitácio;3;
SP;3541406;Presidente Prudente;25;
SP;3541505;Presidente Venceslau;3;
SP;3541604;Promissão;5;
SP;3541653;Quadra;0;
SP;3541703;Quatá;1;
SP;3541802;Queiroz;1;
SP;3541901;Queluz;3;
SP;3542008;Quintana;0;
SP;3542107;Rafard;0;
SP;3542206;Rancharia;5;
SP;3542305;Redenção da Serra;0;
SP;3542404;Regente Feijó;1;
SP;3542503;Reginópolis;0;
SP;3542602;Registro;11;
SP;3542701;Restinga;1;
SP;3542800;Ribeira;0;
SP;3542909;Ribeirão Bonito;2;
SP;3543006;Ribeirão Branco;3;
SP;3543105;Ribeirão Corrente;0;
SP;3543204;Ribeirão do Sul;0;
SP;3543238;Ribeirão dos Índios;0;
SP;3543253;Ribeirão Grande;0;
SP;3543303;Ribeirão Pires;6;
SP;3543402;Ribeirão Preto;70;
SP;3543501;Riversul;0;
SP;3543600;Rifaina;0;
SP;3543709;Rincão;1;
SP;3543808;Rinópolis;0;
SP;3543907;Rio Claro;44;
SP;3544004;Rio das Pedras;0;
SP;3544103;Rio Grande da Serra;2;
SP;3544202;Riolândia;2;
SP;3544251;Rosana;3;
SP;3544301;Roseira;2;
SP;3544400;Rubiácea;0;
SP;3544509;Rubinéia;0;
SP;3544608;Sabino;2;
SP;3544707;Sagres;0;
SP;3544806;Sales;1;
SP;3544905;Sales Oliveira;1;
SP;3545001;Salesópolis;2;
SP;3545100;Salmourão;1;
SP;3545159;Saltinho;0;
SP;3545209;Salto;4;
SP;3545308;Salto de Pirapora;7;
SP;3545407;Salto Grande;1;
SP;3545506;Sandovalina;0;
SP;3545605;Santa Adélia;1;
SP;3545704;Santa Albertina;0;
SP;3545803;Santa Bárbara d'Oeste;13;
SP;3546009;Santa Branca;1;
SP;3546108;Santa Clara d'Oeste;0;
SP;3546207;Santa Cruz da Conceição;0;
SP;3546256;Santa Cruz da Esperança;0;
SP;3546306;Santa Cruz das Palmeiras;3;
SP;3546405;Santa Cruz do Rio Pardo;1;
SP;3546504;Santa Ernestina;0;
SP;3546603;Santa Fé do Sul;4;
SP;3546702;Santa Gertrudes;2;
SP;3546801;Santa Isabel;2;
SP;3546900;Santa Lúcia;1;
SP;3547007;Santa Maria da Serra;1;
SP;3547106;Santa Mercedes;1;
SP;3547205;Santana da Ponte Pensa;1;
SP;3547304;Santana de Parnaíba;14;
SP;3547403;Santa Rita d'Oeste;0;
SP;3547502;Santa Rita do Passa Quatro;3;
SP;3547601;Santa Rosa de Viterbo;1;
SP;3547650;Santa Salete;0;
SP;3547700;Santo Anastácio;3;
SP;3547809;Santo André;35;
SP;3547908;Santo Antônio da Alegria;0;
SP;3548005;Santo Antônio de Posse;4;
SP;3548054;Santo Antônio do Aracanguá;0;
SP;3548104;Santo Antônio do Jardim;0;
SP;3548203;Santo Antônio do Pinhal;0;
SP;3548302;Santo Expedito;0;
SP;3548401;Santópolis do Aguapeí;0;
SP;3548500;Santos;28;
SP;3548609;São Bento do Sapucaí;0;
SP;3548708;São Bernardo do Campo;57;
SP;3548807;São Caetano do Sul;2;
SP;3548906;São Carlos;49;
SP;3549003;São Francisco;0;
SP;3549102;São João da Boa Vista;6;
SP;3549201;São João das Duas Pontes;0;
SP;3549250;São João de Iracema;0;
SP;3549300;São João do Pau d'Alho;0;
SP;3549409;São Joaquim da Barra;3;
SP;3549508;São José da Bela Vista;2;
SP;3549607;São José do Barreiro;0;
SP;3549706;São José do Rio Pardo;0;
SP;3549805;São José do Rio Preto;61;
SP;3549904;São José dos Campos;54;
SP;3549953;São Lourenço da Serra;1;
SP;3550001;São Luís do Paraitinga;0;
SP;3550100;São Manuel;0;
SP;3550209;São Miguel Arcanjo;4;
SP;3550308;São Paulo;344;
SP;3550407;São Pedro;5;
SP;3550506;São Pedro do Turvo;0;
SP;3550605;São Roque;6;
SP;3550704;São Sebastião;11;
SP;3550803;São Sebastião da Grama;0;
SP;3550902;São Simão;2;
SP;3551009;São Vicente;35;
SP;3551108;Sarapuí;0;
SP;3551207;Sarutaiá;0;
SP;3551306;Sebastianópolis do Sul;0;
SP;3551405;Serra Azul;2;
SP;3551504;Serrana;4;
SP;3551603;Serra Negra;1;
SP;3551702;Sertãozinho;12;
SP;3551801;Sete Barras;1;
SP;3551900;Severínia;1;
SP;3552007;Silveiras;0;
SP;3552106;Socorro;2;
SP;3552205;Sorocaba;49;
SP;3552304;Sud Mennucci;0;
SP;3552403;Sumaré;34;
SP;3552502;Suzano;25;
SP;3552551;Suzanápolis;0;
SP;3552601;Tabapuã;1;
SP;3552700;Tabatinga;1;
SP;3552809;Taboão da Serra;21;
SP;3552908;Taciba;0;
SP;3553005;Taguaí;0;
SP;3553104;Taiaçu;0;
SP;3553203;Taiúva;1;
SP;3553302;Tambaú;0;
SP;3553401;Tanabi;1;
SP;3553500;Tapiraí;0;
SP;3553609;Tapiratiba;0;
SP;3553658;Taquaral;1;
SP;3553708;Taquaritinga;4;
SP;3553807;Taquarituba;4;
SP;3553856;Taquarivaí;0;
SP;3553906;Tarabai;2;
SP;3553955;Tarumã;1;
SP;3554003;Tatuí;12;
SP;3554102;Taubaté;32;
SP;3554201;Tejupá;1;
SP;3554300;Teodoro Sampaio;2;
SP;3554409;Terra Roxa;1;
SP;3554508;Tietê;3;
SP;3554607;Timburi;1;
SP;3554656;Torre de Pedra;0;
SP;3554706;Torrinha;2;
SP;3554755;Trabiju;0;
SP;3554805;Tremembé;2;
SP;3554904;Três Fronteiras;0;
SP;3554953;Tuiuti;1;
SP;3555000;Tupã;1;
SP;3555109;Tupi Paulista;2;
SP;3555208;Turiúba;0;
SP;3555307;Turmalina;0;
SP;3555356;Ubarana;1;
SP;3555406;Ubatuba;27;
SP;3555505;Ubirajara;1;
SP;3555604;Uchoa;1;
SP;3555703;União Paulista;0;
SP;3555802;Urânia;0;
SP;3555901;Uru;0;
SP;3556008;Urupês;0;
SP;3556107;Valentim Gentil;1;
SP;3556206;Valinhos;3;
SP;3556305;Valparaíso;1;
SP;3556354;Vargem;1;
SP;3556404;Vargem Grande do Sul;2;
SP;3556453;Vargem Grande Paulista;1;
SP;3556503;Várzea Paulista;11;
SP;3556602;Vera Cruz;0;
SP;3556701;Vinhedo;5;
SP;3556800;Viradouro;1;
SP;3556909;Vista Alegre do Alto;0;
SP;3556958;Vitória Brasil;0;
SP;3557006;Votorantim;7;
SP;3557105;Votuporanga;14;
SP;3557154;Zacarias;0;
SP;3557204;Chavantes;3;
SP;3557303;Estiva Gerbi;0;
SP;3599919;Santo Amaro;;
