Sigla;Código;Município;2022;
ES;3200102;Afonso Cláudio;30684;
ES;3200136;Águia Branca;9711;
ES;3200169;Água Doce do Norte;12042;
ES;3200201;Alegre;29177;
ES;3200300;Alfredo Chaves;13836;
ES;3200359;Alto Rio Novo;7434;
ES;3200409;Anchieta;29984;
ES;3200508;Apiacá;7223;
ES;3200607;Aracruz;94765;
ES;3200706;Atilio Vivacqua;10540;
ES;3200805;Baixo Guandu;30674;
ES;3200904;Barra de São Francisco;42498;
ES;3201001;Boa Esperança;13608;
ES;3201100;Bom Jesus do Norte;10254;
ES;3201159;Brejetuba;12985;
ES;3201209;Cachoeiro de Itapemirim;185786;
ES;3201308;Cariacica;353491;
ES;3201407;Castelo;36930;
ES;3201506;Colatina;120033;
ES;3201605;Conceição da Barra;27458;
ES;3201704;Conceição do Castelo;11937;
ES;3201803;Divino de São Lourenço;5083;
ES;3201902;Domingos Martins;35416;
ES;3202009;Dores do Rio Preto;6596;
ES;3202108;Ecoporanga;21992;
ES;3202207;Fundão;18014;
ES;3202256;Governador Lindenberg;11009;
ES;3202306;Guaçuí;29358;
ES;3202405;Guarapari;124656;
ES;3202454;Ibatiba;25380;
ES;3202504;Ibiraçu;11723;
ES;3202553;Ibitirama;9520;
ES;3202603;Iconha;12326;
ES;3202652;Irupi;13710;
ES;3202702;Itaguaçu;13589;
ES;3202801;Itapemirim;39832;
ES;3202900;Itarana;10597;
ES;3203007;Iúna;28590;
ES;3203056;Jaguaré;28931;
ES;3203106;Jerônimo Monteiro;11575;
ES;3203130;João Neiva;14079;
ES;3203163;Laranja da Terra;11094;
ES;3203205;Linhares;166786;
ES;3203304;Mantenópolis;12770;
ES;3203320;Marataízes;41929;
ES;3203346;Marechal Floriano;17641;
ES;3203353;Marilândia;12387;
ES;3203403;Mimoso do Sul;24475;
ES;3203502;Montanha;18900;
ES;3203601;Mucurici;5466;
ES;3203700;Muniz Freire;18153;
ES;3203809;Muqui;13745;
ES;3203908;Nova Venécia;49065;
ES;3204005;Pancas;18893;
ES;3204054;Pedro Canário;21522;
ES;3204104;Pinheiros;23915;
ES;3204203;Piúma;22300;
ES;3204252;Ponto Belo;6497;
ES;3204302;Presidente Kennedy;13696;
ES;3204351;Rio Bananal;19274;
ES;3204401;Rio Novo do Sul;11069;
ES;3204500;Santa Leopoldina;13106;
ES;3204559;Santa Maria de Jetibá;41636;
ES;3204609;Santa Teresa;22808;
ES;3204658;São Domingos do Norte;8589;
ES;3204708;São Gabriel da Palha;32252;
ES;3204807;São José do Calçado;10878;
ES;3204906;São Mateus;123752;
ES;3204955;São Roque do Canaã;10886;
ES;3205002;Serra;520653;
ES;3205010;Sooretama;26502;
ES;3205036;Vargem Alta;19563;
ES;3205069;Venda Nova do Imigrante;23831;
ES;3205101;Viana;73423;
ES;3205150;Vila Pavão;8911;
ES;3205176;Vila Valério;13728;
ES;3205200;Vila Velha;467722;
ES;3205309;Vitória;322869;
ES;3299919;Riacho;;
ES;3299929;Ponte do Itabapoana;;
MG;3100104;Abadia dos Dourados;6272;
MG;3100203;Abaeté;22675;
MG;3100302;Abre Campo;13927;
MG;3100401;Acaiaca;3909;
MG;3100500;Açucena;8943;
MG;3100609;Água Boa;12589;
MG;3100708;Água Comprida;2108;
MG;3100807;Aguanil;4357;
MG;3100906;Águas Formosas;18448;
MG;3101003;Águas Vermelhas;14037;
MG;3101102;Aimorés;25269;
MG;3101201;Aiuruoca;6233;
MG;3101300;Alagoa;2749;
MG;3101409;Albertina;2952;
MG;3101508;Além Paraíba;30717;
MG;3101607;Alfenas;78970;
MG;3101631;Alfredo Vasconcelos;6931;
MG;3101706;Almenara;40364;
MG;3101805;Alpercata;6903;
MG;3101904;Alpinópolis;18300;
MG;3102001;Alterosa;13915;
MG;3102050;Alto Caparaó;5795;
MG;3102100;Alto Rio Doce;10891;
MG;3102209;Alvarenga;3975;
MG;3102308;Alvinópolis;15059;
MG;3102407;Alvorada de Minas;4159;
MG;3102506;Amparo do Serra;4541;
MG;3102605;Andradas;40553;
MG;3102704;Cachoeira de Pajeú;9110;
MG;3102803;Andrelândia;11927;
MG;3102852;Angelândia;7718;
MG;3102902;Antônio Carlos;11095;
MG;3103009;Antônio Dias;9219;
MG;3103108;Antônio Prado de Minas;1538;
MG;3103207;Araçaí;2181;
MG;3103306;Aracitaba;2049;
MG;3103405;Araçuaí;34297;
MG;3103504;Araguari;117808;
MG;3103603;Arantina;2915;
MG;3103702;Araponga;8048;
MG;3103751;Araporã;8479;
MG;3103801;Arapuá;2631;
MG;3103900;Araújos;9199;
MG;3104007;Araxá;111691;
MG;3104106;Arceburgo;9177;
MG;3104205;Arcos;41416;
MG;3104304;Areado;13881;
MG;3104403;Argirita;2688;
MG;3104452;Aricanduva;4719;
MG;3104502;Arinos;17272;
MG;3104601;Astolfo Dutra;14138;
MG;3104700;Ataléia;13736;
MG;3104809;Augusto de Lima;4538;
MG;3104908;Baependi;18366;
MG;3105004;Baldim;7492;
MG;3105103;Bambuí;23546;
MG;3105202;Bandeira;4741;
MG;3105301;Bandeira do Sul;5943;
MG;3105400;Barão de Cocais;30778;
MG;3105509;Barão de Monte Alto;4964;
MG;3105608;Barbacena;125317;
MG;3105707;Barra Longa;5666;
MG;3105905;Barroso;20080;
MG;3106002;Bela Vista de Minas;10167;
MG;3106101;Belmiro Braga;3244;
MG;3106200;Belo Horizonte;2315560;
MG;3106309;Belo Oriente;23928;
MG;3106408;Belo Vale;8627;
MG;3106507;Berilo;9826;
MG;3106606;Bertópolis;4451;
MG;3106655;Berizal;4201;
MG;3106705;Betim;411846;
MG;3106804;Bias Fortes;3361;
MG;3106903;Bicas;13978;
MG;3107000;Biquinhas;2383;
MG;3107109;Boa Esperança;39848;
MG;3107208;Bocaina de Minas;5348;
MG;3107307;Bocaiúva;48032;
MG;3107406;Bom Despacho;51737;
MG;3107505;Bom Jardim de Minas;6783;
MG;3107604;Bom Jesus da Penha;4474;
MG;3107703;Bom Jesus do Amparo;5631;
MG;3107802;Bom Jesus do Galho;14536;
MG;3107901;Bom Repouso;12649;
MG;3108008;Bom Sucesso;17151;
MG;3108107;Bonfim;7434;
MG;3108206;Bonfinópolis de Minas;5528;
MG;3108255;Bonito de Minas;10204;
MG;3108305;Borda da Mata;17404;
MG;3108404;Botelhos;14828;
MG;3108503;Botumirim;5790;
MG;3108552;Brasilândia de Minas;15020;
MG;3108602;Brasília de Minas;32025;
MG;3108701;Brás Pires;4260;
MG;3108800;Braúnas;4441;
MG;3108909;Brasópolis;14246;
MG;3109006;Brumadinho;38915;
MG;3109105;Bueno Brandão;10911;
MG;3109204;Buenópolis;9150;
MG;3109253;Bugre;4041;
MG;3109303;Buritis;24030;
MG;3109402;Buritizeiro;23910;
MG;3109451;Cabeceira Grande;6627;
MG;3109501;Cabo Verde;11410;
MG;3109600;Cachoeira da Prata;3693;
MG;3109709;Cachoeira de Minas;11883;
MG;3109808;Cachoeira Dourada;2315;
MG;3109907;Caetanópolis;11435;
MG;3110004;Caeté;38776;
MG;3110103;Caiana;5304;
MG;3110202;Cajuri;4088;
MG;3110301;Caldas;14217;
MG;3110400;Camacho;2838;
MG;3110509;Camanducaia;26097;
MG;3110608;Cambuí;29536;
MG;3110707;Cambuquira;12313;
MG;3110806;Campanário;2923;
MG;3110905;Campanha;15935;
MG;3111002;Campestre;20696;
MG;3111101;Campina Verde;18011;
MG;3111150;Campo Azul;3714;
MG;3111200;Campo Belo;52277;
MG;3111309;Campo do Meio;11377;
MG;3111408;Campo Florido;8466;
MG;3111507;Campos Altos;12979;
MG;3111606;Campos Gerais;26105;
MG;3111705;Canaã;4715;
MG;3111804;Canápolis;10608;
MG;3111903;Cana Verde;5272;
MG;3112000;Candeias;14001;
MG;3112059;Cantagalo;3974;
MG;3112109;Caparaó;5048;
MG;3112208;Capela Nova;4362;
MG;3112307;Capelinha;39626;
MG;3112406;Capetinga;6562;
MG;3112505;Capim Branco;10663;
MG;3112604;Capinópolis;14655;
MG;3112653;Capitão Andrade;4585;
MG;3112703;Capitão Enéas;14108;
MG;3112802;Capitólio;10380;
MG;3112901;Caputira;8936;
MG;3113008;Caraí;19548;
MG;3113107;Caranaíba;2933;
MG;3113206;Carandaí;23812;
MG;3113305;Carangola;31240;
MG;3113404;Caratinga;87360;
MG;3113503;Carbonita;8512;
MG;3113602;Careaçu;6816;
MG;3113701;Carlos Chagas;18615;
MG;3113800;Carmésia;2605;
MG;3113909;Carmo da Cachoeira;11547;
MG;3114006;Carmo da Mata;11019;
MG;3114105;Carmo de Minas;13797;
MG;3114204;Carmo do Cajuru;23479;
MG;3114303;Carmo do Paranaíba;29011;
MG;3114402;Carmo do Rio Claro;20954;
MG;3114501;Carmópolis de Minas;18003;
MG;3114550;Carneirinho;9422;
MG;3114600;Carrancas;4049;
MG;3114709;Carvalhópolis;3341;
MG;3114808;Carvalhos;4422;
MG;3114907;Casa Grande;2214;
MG;3115003;Cascalho Rico;2712;
MG;3115102;Cássia;17155;
MG;3115201;Conceição da Barra de Minas;3560;
MG;3115300;Cataguases;66261;
MG;3115359;Catas Altas;5473;
MG;3115409;Catas Altas da Noruega;3110;
MG;3115458;Catuji;7030;
MG;3115474;Catuti;4739;
MG;3115508;Caxambu;21056;
MG;3115607;Cedro do Abaeté;1081;
MG;3115706;Central de Minas;6171;
MG;3115805;Centralina;10207;
MG;3115904;Chácara;3075;
MG;3116001;Chalé;6075;
MG;3116100;Chapada do Norte;10337;
MG;3116159;Chapada Gaúcha;12355;
MG;3116209;Chiador;2800;
MG;3116308;Cipotânea;5581;
MG;3116407;Claraval;4658;
MG;3116506;Claro dos Poções;7166;
MG;3116605;Cláudio;30159;
MG;3116704;Coimbra;7117;
MG;3116803;Coluna;8163;
MG;3116902;Comendador Gomes;2773;
MG;3117009;Comercinho;6660;
MG;3117108;Conceição da Aparecida;10371;
MG;3117207;Conceição das Pedras;2772;
MG;3117306;Conceição das Alagoas;28381;
MG;3117405;Conceição de Ipanema;4409;
MG;3117504;Conceição do Mato Dentro;23163;
MG;3117603;Conceição do Pará;5415;
MG;3117702;Conceição do Rio Verde;12541;
MG;3117801;Conceição dos Ouros;10880;
MG;3117836;Cônego Marinho;7237;
MG;3117876;Confins;7350;
MG;3117900;Congonhal;11083;
MG;3118007;Congonhas;52890;
MG;3118106;Congonhas do Norte;4831;
MG;3118205;Conquista;6694;
MG;3118304;Conselheiro Lafaiete;131621;
MG;3118403;Conselheiro Pena;20824;
MG;3118502;Consolação;1563;
MG;3118601;Contagem;621863;
MG;3118700;Coqueiral;9023;
MG;3118809;Coração de Jesus;25377;
MG;3118908;Cordisburgo;7547;
MG;3119005;Cordislândia;3200;
MG;3119104;Corinto;23532;
MG;3119203;Coroaci;10884;
MG;3119302;Coromandel;28894;
MG;3119401;Coronel Fabriciano;104736;
MG;3119500;Coronel Murta;8200;
MG;3119609;Coronel Pacheco;2762;
MG;3119708;Coronel Xavier Chaves;3486;
MG;3119807;Córrego Danta;2960;
MG;3119906;Córrego do Bom Jesus;4272;
MG;3119955;Córrego Fundo;6133;
MG;3120003;Córrego Novo;2875;
MG;3120102;Couto de Magalhães de Minas;4245;
MG;3120151;Crisólita;5265;
MG;3120201;Cristais;12197;
MG;3120300;Cristália;5121;
MG;3120409;Cristiano Otoni;4667;
MG;3120508;Cristina;10374;
MG;3120607;Crucilândia;5434;
MG;3120706;Cruzeiro da Fortaleza;3521;
MG;3120805;Cruzília;15362;
MG;3120839;Cuparaque;3983;
MG;3120870;Curral de Dentro;7406;
MG;3120904;Curvelo;80665;
MG;3121001;Datas;5465;
MG;3121100;Delfim Moreira;7952;
MG;3121209;Delfinópolis;8393;
MG;3121258;Delta;10494;
MG;3121308;Descoberto;4928;
MG;3121407;Desterro de Entre Rios;7653;
MG;3121506;Desterro do Melo;2994;
MG;3121605;Diamantina;47702;
MG;3121704;Diogo de Vasconcelos;3549;
MG;3121803;Dionísio;6847;
MG;3121902;Divinésia;4226;
MG;3122009;Divino;20706;
MG;3122108;Divino das Laranjeiras;4178;
MG;3122207;Divinolândia de Minas;6516;
MG;3122306;Divinópolis;231091;
MG;3122355;Divisa Alegre;6321;
MG;3122405;Divisa Nova;5851;
MG;3122454;Divisópolis;10213;
MG;3122470;Dom Bosco;3697;
MG;3122504;Dom Cavati;4904;
MG;3122603;Dom Joaquim;4899;
MG;3122702;Dom Silvério;5228;
MG;3122801;Dom Viçoso;3095;
MG;3122900;Dona Eusébia;6093;
MG;3123007;Dores de Campos;10007;
MG;3123106;Dores de Guanhães;5029;
MG;3123205;Dores do Indaiá;12630;
MG;3123304;Dores do Turvo;4987;
MG;3123403;Doresópolis;1461;
MG;3123502;Douradoquara;1829;
MG;3123528;Durandé;7817;
MG;3123601;Elói Mendes;26336;
MG;3123700;Engenheiro Caldas;13622;
MG;3123809;Engenheiro Navarro;6354;
MG;3123858;Entre Folhas;5179;
MG;3123908;Entre Rios de Minas;14746;
MG;3124005;Ervália;20255;
MG;3124104;Esmeraldas;85598;
MG;3124203;Espera Feliz;24102;
MG;3124302;Espinosa;30443;
MG;3124401;Espírito Santo do Dourado;6611;
MG;3124500;Estiva;11502;
MG;3124609;Estrela Dalva;2186;
MG;3124708;Estrela do Indaiá;2772;
MG;3124807;Estrela do Sul;6840;
MG;3124906;Eugenópolis;10801;
MG;3125002;Ewbank da Câmara;3875;
MG;3125101;Extrema;53482;
MG;3125200;Fama;2578;
MG;3125309;Faria Lemos;3188;
MG;3125408;Felício dos Santos;5133;
MG;3125507;São Gonçalo do Rio Preto;3032;
MG;3125606;Felisburgo;6489;
MG;3125705;Felixlândia;13978;
MG;3125804;Fernandes Tourinho;2789;
MG;3125903;Ferros;9590;
MG;3125952;Fervedouro;10445;
MG;3126000;Florestal;8045;
MG;3126109;Formiga;68248;
MG;3126208;Formoso;7949;
MG;3126307;Fortaleza de Minas;3477;
MG;3126406;Fortuna de Minas;3093;
MG;3126505;Francisco Badaró;7366;
MG;3126604;Francisco Dumont;4503;
MG;3126703;Francisco Sá;23476;
MG;3126752;Franciscópolis;5034;
MG;3126802;Frei Gaspar;5640;
MG;3126901;Frei Inocêncio;8226;
MG;3126950;Frei Lagonegro;3391;
MG;3127008;Fronteira;14540;
MG;3127057;Fronteira dos Vales;4345;
MG;3127073;Fruta de Leite;4647;
MG;3127107;Frutal;58588;
MG;3127206;Funilândia;4686;
MG;3127305;Galiléia;6222;
MG;3127339;Gameleiras;4793;
MG;3127354;Glaucilândia;2928;
MG;3127370;Goiabeira;2830;
MG;3127388;Goianá;4053;
MG;3127404;Gonçalves;4727;
MG;3127503;Gonzaga;5230;
MG;3127602;Gouveia;11331;
MG;3127701;Governador Valadares;257171;
MG;3127800;Grão Mogol;13901;
MG;3127909;Grupiara;1392;
MG;3128006;Guanhães;32244;
MG;3128105;Guapé;13772;
MG;3128204;Guaraciaba;9753;
MG;3128253;Guaraciama;5051;
MG;3128303;Guaranésia;19150;
MG;3128402;Guarani;7714;
MG;3128501;Guarará;3149;
MG;3128600;Guarda-Mor;6539;
MG;3128709;Guaxupé;50911;
MG;3128808;Guidoval;7131;
MG;3128907;Guimarânia;8478;
MG;3129004;Guiricema;7778;
MG;3129103;Gurinhatã;5192;
MG;3129202;Heliodora;6134;
MG;3129301;Iapu;12030;
MG;3129400;Ibertioga;5198;
MG;3129509;Ibiá;22229;
MG;3129608;Ibiaí;6286;
MG;3129657;Ibiracatu;5081;
MG;3129707;Ibiraci;10948;
MG;3129806;Ibirité;170537;
MG;3129905;Ibitiúra de Minas;3365;
MG;3130002;Ibituruna;2698;
MG;3130051;Icaraí de Minas;10677;
MG;3130101;Igarapé;45847;
MG;3130200;Igaratinga;10830;
MG;3130309;Iguatama;6826;
MG;3130408;Ijaci;7003;
MG;3130507;Ilicínea;12741;
MG;3130556;Imbé de Minas;6986;
MG;3130606;Inconfidentes;7301;
MG;3130655;Indaiabira;6346;
MG;3130705;Indianópolis;6171;
MG;3130804;Ingaí;2580;
MG;3130903;Inhapim;22692;
MG;3131000;Inhaúma;6239;
MG;3131109;Inimutaba;7371;
MG;3131158;Ipaba;17136;
MG;3131208;Ipanema;19522;
MG;3131307;Ipatinga;227731;
MG;3131406;Ipiaçu;3775;
MG;3131505;Ipuiúna;9135;
MG;3131604;Iraí de Minas;7180;
MG;3131703;Itabira;113343;
MG;3131802;Itabirinha de Mantena;10362;
MG;3131901;Itabirito;53365;
MG;3132008;Itacambira;4252;
MG;3132107;Itacarambi;17208;
MG;3132206;Itaguara;13846;
MG;3132305;Itaipé;10463;
MG;3132404;Itajubá;93073;
MG;3132503;Itamarandiba;32948;
MG;3132602;Itamarati de Minas;3690;
MG;3132701;Itambacuri;21042;
MG;3132800;Itambé do Mato Dentro;2142;
MG;3132909;Itamogi;10770;
MG;3133006;Itamonte;14786;
MG;3133105;Itanhandu;15236;
MG;3133204;Itanhomi;11128;
MG;3133303;Itaobim;19151;
MG;3133402;Itapagipe;13690;
MG;3133501;Itapecerica;21046;
MG;3133600;Itapeva;12692;
MG;3133709;Itatiaiuçu;12966;
MG;3133758;Itaú de Minas;14406;
MG;3133808;Itaúna;97669;
MG;3133907;Itaverava;5642;
MG;3134004;Itinga;13745;
MG;3134103;Itueta;6055;
MG;3134202;Ituiutaba;102217;
MG;3134301;Itumirim;6638;
MG;3134400;Iturama;38295;
MG;3134509;Itutinga;4217;
MG;3134608;Jaboticatubas;20406;
MG;3134707;Jacinto;11042;
MG;3134806;Jacuí;7495;
MG;3134905;Jacutinga;25525;
MG;3135001;Jaguaraçu;3092;
MG;3135050;Jaíba;37660;
MG;3135076;Jampruca;4296;
MG;3135100;Janaúba;70699;
MG;3135209;Januária;65150;
MG;3135308;Japaraíba;4506;
MG;3135357;Japonvar;8127;
MG;3135407;Jeceaba;6197;
MG;3135456;Jenipapo de Minas;6100;
MG;3135506;Jequeri;12419;
MG;3135605;Jequitaí;6484;
MG;3135704;Jequitibá;5883;
MG;3135803;Jequitinhonha;24007;
MG;3135902;Jesuânia;5138;
MG;3136009;Joaíma;13888;
MG;3136108;Joanésia;4329;
MG;3136207;João Monlevade;80187;
MG;3136306;João Pinheiro;46801;
MG;3136405;Joaquim Felício;3854;
MG;3136504;Jordânia;10304;
MG;3136520;José Gonçalves de Minas;3969;
MG;3136553;José Raydan;4268;
MG;3136579;Josenópolis;3630;
MG;3136603;Nova União;5909;
MG;3136652;Juatuba;30716;
MG;3136702;Juiz de Fora;540756;
MG;3136801;Juramento;3768;
MG;3136900;Juruaia;11084;
MG;3136959;Juvenília;5789;
MG;3137007;Ladainha;14383;
MG;3137106;Lagamar;6631;
MG;3137205;Lagoa da Prata;51412;
MG;3137304;Lagoa dos Patos;3313;
MG;3137403;Lagoa Dourada;12769;
MG;3137502;Lagoa Formosa;18904;
MG;3137536;Lagoa Grande;8969;
MG;3137601;Lagoa Santa;75145;
MG;3137700;Lajinha;20835;
MG;3137809;Lambari;20414;
MG;3137908;Lamim;3184;
MG;3138005;Laranjal;5963;
MG;3138104;Lassance;7124;
MG;3138203;Lavras;104761;
MG;3138302;Leandro Ferreira;3199;
MG;3138351;Leme do Prado;4341;
MG;3138401;Leopoldina;51145;
MG;3138500;Liberdade;4737;
MG;3138609;Lima Duarte;17221;
MG;3138625;Limeira do Oeste;8687;
MG;3138658;Lontra;8790;
MG;3138674;Luisburgo;6956;
MG;3138682;Luislândia;6210;
MG;3138708;Luminárias;5586;
MG;3138807;Luz;17875;
MG;3138906;Machacalis;6487;
MG;3139003;Machado;37684;
MG;3139102;Madre de Deus de Minas;5191;
MG;3139201;Malacacheta;17516;
MG;3139250;Mamonas;5997;
MG;3139300;Manga;18886;
MG;3139409;Manhuaçu;91886;
MG;3139508;Manhumirim;20613;
MG;3139607;Mantena;26535;
MG;3139706;Maravilhas;7333;
MG;3139805;Mar de Espanha;12721;
MG;3139904;Maria da Fé;14247;
MG;3140001;Mariana;61387;
MG;3140100;Marilac;4224;
MG;3140159;Mário Campos;15900;
MG;3140209;Maripá de Minas;3387;
MG;3140308;Marliéria;4592;
MG;3140407;Marmelópolis;3200;
MG;3140506;Martinho Campos;14003;
MG;3140530;Martins Soares;8396;
MG;3140555;Mata Verde;9112;
MG;3140605;Materlândia;3963;
MG;3140704;Mateus Leme;37841;
MG;3140803;Matias Barbosa;14121;
MG;3140852;Matias Cardoso;8895;
MG;3140902;Matipó;18552;
MG;3141009;Mato Verde;12038;
MG;3141108;Matozinhos;37618;
MG;3141207;Matutina;3814;
MG;3141306;Medeiros;3900;
MG;3141405;Medina;20156;
MG;3141504;Mendes Pimentel;5606;
MG;3141603;Mercês;10373;
MG;3141702;Mesquita;5040;
MG;3141801;Minas Novas;24405;
MG;3141900;Minduri;3741;
MG;3142007;Mirabela;13651;
MG;3142106;Miradouro;8968;
MG;3142205;Miraí;13633;
MG;3142254;Miravânia;3985;
MG;3142304;Moeda;5125;
MG;3142403;Moema;7548;
MG;3142502;Monjolos;2169;
MG;3142601;Monsenhor Paulo;8340;
MG;3142700;Montalvânia;14060;
MG;3142809;Monte Alegre de Minas;20170;
MG;3142908;Monte Azul;20328;
MG;3143005;Monte Belo;13046;
MG;3143104;Monte Carmelo;47692;
MG;3143153;Monte Formoso;4381;
MG;3143203;Monte Santo de Minas;20890;
MG;3143302;Montes Claros;414240;
MG;3143401;Monte Sião;24089;
MG;3143450;Montezuma;6888;
MG;3143500;Morada Nova de Minas;9067;
MG;3143609;Morro da Garça;2411;
MG;3143708;Morro do Pilar;3133;
MG;3143807;Munhoz;7451;
MG;3143906;Muriaé;104108;
MG;3144003;Mutum;27635;
MG;3144102;Muzambinho;21891;
MG;3144201;Nacip Raydan;2459;
MG;3144300;Nanuque;35038;
MG;3144359;Naque;6303;
MG;3144375;Natalândia;3520;
MG;3144409;Natércia;4691;
MG;3144508;Nazareno;8179;
MG;3144607;Nepomuceno;25018;
MG;3144656;Ninheira;10588;
MG;3144672;Nova Belém;3151;
MG;3144706;Nova Era;17438;
MG;3144805;Nova Lima;111697;
MG;3144904;Nova Módica;3663;
MG;3145000;Nova Ponte;14598;
MG;3145059;Nova Porteirinha;6706;
MG;3145109;Nova Resende;16387;
MG;3145208;Nova Serrana;105552;
MG;3145307;Novo Cruzeiro;26975;
MG;3145356;Novo Oriente de Minas;10275;
MG;3145372;Novorizonte;4571;
MG;3145406;Olaria;1945;
MG;3145455;Olhos-d'Água;5385;
MG;3145505;Olímpio Noronha;2555;
MG;3145604;Oliveira;39262;
MG;3145703;Oliveira Fortes;2027;
MG;3145802;Onça de Pitangui;2969;
MG;3145851;Oratórios;4917;
MG;3145877;Orizânia;8437;
MG;3145901;Ouro Branco;38724;
MG;3146008;Ouro Fino;32094;
MG;3146107;Ouro Preto;74821;
MG;3146206;Ouro Verde de Minas;5757;
MG;3146255;Padre Carvalho;5058;
MG;3146305;Padre Paraíso;17334;
MG;3146404;Paineiras;4224;
MG;3146503;Pains;8142;
MG;3146552;Pai Pedro;5551;
MG;3146602;Paiva;1474;
MG;3146701;Palma;5707;
MG;3146750;Palmópolis;6301;
MG;3146909;Papagaios;13920;
MG;3147006;Paracatu;94023;
MG;3147105;Pará de Minas;97139;
MG;3147204;Paraguaçu;21723;
MG;3147303;Paraisópolis;20445;
MG;3147402;Paraopeba;24107;
MG;3147501;Passabém;1600;
MG;3147600;Passa Quatro;15515;
MG;3147709;Passa Tempo;8473;
MG;3147808;Passa-Vinte;2233;
MG;3147907;Passos;111939;
MG;3147956;Patis;4837;
MG;3148004;Patos de Minas;159235;
MG;3148103;Patrocínio;89826;
MG;3148202;Patrocínio do Muriaé;5576;
MG;3148301;Paula Cândido;8659;
MG;3148400;Paulistas;4389;
MG;3148509;Pavão;8047;
MG;3148608;Peçanha;17446;
MG;3148707;Pedra Azul;24410;
MG;3148756;Pedra Bonita;7320;
MG;3148806;Pedra do Anta;3311;
MG;3148905;Pedra do Indaiá;4112;
MG;3149002;Pedra Dourada;2757;
MG;3149101;Pedralva;10760;
MG;3149150;Pedras de Maria da Cruz;10433;
MG;3149200;Pedrinópolis;3344;
MG;3149309;Pedro Leopoldo;62580;
MG;3149408;Pedro Teixeira;1810;
MG;3149507;Pequeri;3351;
MG;3149606;Pequi;4155;
MG;3149705;Perdigão;12268;
MG;3149804;Perdizes;17151;
MG;3149903;Perdões;21384;
MG;3149952;Periquito;6553;
MG;3150000;Pescador;3570;
MG;3150109;Piau;2796;
MG;3150158;Piedade de Caratinga;8529;
MG;3150208;Piedade de Ponte Nova;3976;
MG;3150307;Piedade do Rio Grande;4604;
MG;3150406;Piedade dos Gerais;5019;
MG;3150505;Pimenta;8563;
MG;3150539;Pingo-d'Água;4706;
MG;3150570;Pintópolis;7084;
MG;3150604;Piracema;6700;
MG;3150703;Pirajuba;5537;
MG;3150802;Piranga;17018;
MG;3150901;Piranguçu;6041;
MG;3151008;Piranguinho;9120;
MG;3151107;Pirapetinga;11077;
MG;3151206;Pirapora;55606;
MG;3151305;Piraúba;11610;
MG;3151404;Pitangui;26685;
MG;3151503;Piumhi;36062;
MG;3151602;Planura;11145;
MG;3151701;Poço Fundo;16390;
MG;3151800;Poços de Caldas;163742;
MG;3151909;Pocrane;8350;
MG;3152006;Pompéu;31047;
MG;3152105;Ponte Nova;57776;
MG;3152131;Ponto Chique;3747;
MG;3152170;Ponto dos Volantes;10883;
MG;3152204;Porteirinha;37438;
MG;3152303;Porto Firme;10569;
MG;3152402;Poté;13666;
MG;3152501;Pouso Alegre;152217;
MG;3152600;Pouso Alto;6566;
MG;3152709;Prados;9048;
MG;3152808;Prata;28342;
MG;3152907;Pratápolis;8406;
MG;3153004;Pratinha;3559;
MG;3153103;Presidente Bernardes;4850;
MG;3153202;Presidente Juscelino;3465;
MG;3153301;Presidente Kubitschek;3071;
MG;3153400;Presidente Olegário;18765;
MG;3153509;Alto Jequitibá;8397;
MG;3153608;Prudente de Morais;11466;
MG;3153707;Quartel Geral;3179;
MG;3153806;Queluzito;1770;
MG;3153905;Raposos;16279;
MG;3154002;Raul Soares;23423;
MG;3154101;Recreio;11007;
MG;3154150;Reduto;7848;
MG;3154200;Resende Costa;11230;
MG;3154309;Resplendor;17226;
MG;3154408;Ressaquinha;4548;
MG;3154457;Riachinho;6863;
MG;3154507;Riacho dos Machados;8756;
MG;3154606;Ribeirão das Neves;329794;
MG;3154705;Ribeirão Vermelho;4080;
MG;3154804;Rio Acima;10261;
MG;3154903;Rio Casca;12789;
MG;3155009;Rio Doce;2484;
MG;3155108;Rio do Prado;4639;
MG;3155207;Rio Espera;5429;
MG;3155306;Rio Manso;5568;
MG;3155405;Rio Novo;8518;
MG;3155504;Rio Paranaíba;14532;
MG;3155603;Rio Pardo de Minas;28271;
MG;3155702;Rio Piracicaba;14631;
MG;3155801;Rio Pomba;17443;
MG;3155900;Rio Preto;5141;
MG;3156007;Rio Vermelho;12641;
MG;3156106;Ritápolis;4994;
MG;3156205;Rochedo de Minas;2291;
MG;3156304;Rodeiro;8664;
MG;3156403;Romaria;3386;
MG;3156452;Rosário da Limeira;4734;
MG;3156502;Rubelita;5679;
MG;3156601;Rubim;10298;
MG;3156700;Sabará;129380;
MG;3156809;Sabinópolis;14240;
MG;3156908;Sacramento;26670;
MG;3157005;Salinas;40178;
MG;3157104;Salto da Divisa;6110;
MG;3157203;Santa Bárbara;30466;
MG;3157252;Santa Bárbara do Leste;8458;
MG;3157278;Santa Bárbara do Monte Verde;3095;
MG;3157302;Santa Bárbara do Tugúrio;4208;
MG;3157336;Santa Cruz de Minas;8109;
MG;3157377;Santa Cruz de Salinas;3910;
MG;3157401;Santa Cruz do Escalvado;4673;
MG;3157500;Santa Efigênia de Minas;4039;
MG;3157609;Santa Fé de Minas;3522;
MG;3157658;Santa Helena de Minas;5938;
MG;3157708;Santa Juliana;15734;
MG;3157807;Santa Luzia;219132;
MG;3157906;Santa Margarida;16395;
MG;3158003;Santa Maria de Itabira;10485;
MG;3158102;Santa Maria do Salto;4755;
MG;3158201;Santa Maria do Suaçuí;12788;
MG;3158300;Santana da Vargem;6691;
MG;3158409;Santana de Cataguases;3489;
MG;3158508;Santana de Pirapama;7030;
MG;3158607;Santana do Deserto;3747;
MG;3158706;Santana do Garambéu;2137;
MG;3158805;Santana do Jacaré;4214;
MG;3158904;Santana do Manhuaçu;8987;
MG;3158953;Santana do Paraíso;44800;
MG;3159001;Santana do Riacho;5313;
MG;3159100;Santana dos Montes;3469;
MG;3159209;Santa Rita de Caldas;8460;
MG;3159308;Santa Rita de Jacutinga;4755;
MG;3159357;Santa Rita de Minas;6773;
MG;3159407;Santa Rita de Ibitipoca;3301;
MG;3159506;Santa Rita do Itueto;5826;
MG;3159605;Santa Rita do Sapucaí;40635;
MG;3159704;Santa Rosa da Serra;3382;
MG;3159803;Santa Vitória;20973;
MG;3159902;Santo Antônio do Amparo;17285;
MG;3160009;Santo Antônio do Aventureiro;3769;
MG;3160108;Santo Antônio do Grama;4229;
MG;3160207;Santo Antônio do Itambé;3915;
MG;3160306;Santo Antônio do Jacinto;10327;
MG;3160405;Santo Antônio do Monte;27295;
MG;3160454;Santo Antônio do Retiro;6629;
MG;3160504;Santo Antônio do Rio Abaixo;1808;
MG;3160603;Santo Hipólito;2717;
MG;3160702;Santos Dumont;42406;
MG;3160801;São Bento Abade;4713;
MG;3160900;São Brás do Suaçuí;3989;
MG;3160959;São Domingos das Dores;5626;
MG;3161007;São Domingos do Prata;17392;
MG;3161056;São Félix de Minas;3200;
MG;3161106;São Francisco;52762;
MG;3161205;São Francisco de Paula;6187;
MG;3161304;São Francisco de Sales;5732;
MG;3161403;São Francisco do Glória;4800;
MG;3161502;São Geraldo;10282;
MG;3161601;São Geraldo da Piedade;3305;
MG;3161650;São Geraldo do Baixio;3143;
MG;3161700;São Gonçalo do Abaeté;7375;
MG;3161809;São Gonçalo do Pará;11770;
MG;3161908;São Gonçalo do Rio Abaixo;11850;
MG;3162005;São Gonçalo do Sapucaí;23959;
MG;3162104;São Gotardo;40910;
MG;3162203;São João Batista do Glória;7652;
MG;3162252;São João da Lagoa;4822;
MG;3162302;São João da Mata;2914;
MG;3162401;São João da Ponte;23930;
MG;3162450;São João das Missões;13024;
MG;3162500;São João del Rei;90225;
MG;3162559;São João do Manhuaçu;11246;
MG;3162575;São João do Manteninha;5331;
MG;3162609;São João do Oriente;7070;
MG;3162658;São João do Pacuí;3972;
MG;3162708;São João do Paraíso;23910;
MG;3162807;São João Evangelista;15315;
MG;3162906;São João Nepomuceno;25565;
MG;3162922;São Joaquim de Bicas;34348;
MG;3162948;São José da Barra;7793;
MG;3162955;São José da Lapa;26090;
MG;3163003;São José da Safira;3806;
MG;3163102;São José da Varginha;4536;
MG;3163201;São José do Alegre;4133;
MG;3163300;São José do Divino;3464;
MG;3163409;São José do Goiabal;5396;
MG;3163508;São José do Jacuri;6197;
MG;3163607;São José do Mantimento;2753;
MG;3163706;São Lourenço;44798;
MG;3163805;São Miguel do Anta;6334;
MG;3163904;São Pedro da União;4885;
MG;3164001;São Pedro dos Ferros;7166;
MG;3164100;São Pedro do Suaçuí;5103;
MG;3164209;São Romão;10315;
MG;3164308;São Roque de Minas;7129;
MG;3164407;São Sebastião da Bela Vista;6387;
MG;3164431;São Sebastião da Vargem Alegre;3113;
MG;3164472;São Sebastião do Anta;6194;
MG;3164506;São Sebastião do Maranhão;10079;
MG;3164605;São Sebastião do Oeste;8815;
MG;3164704;São Sebastião do Paraíso;71796;
MG;3164803;São Sebastião do Rio Preto;1259;
MG;3164902;São Sebastião do Rio Verde;2300;
MG;3165008;São Tiago;11192;
MG;3165107;São Tomás de Aquino;6740;
MG;3165206;São Thomé das Letras;6904;
MG;3165305;São Vicente de Minas;6804;
MG;3165404;Sapucaí-Mirim;6311;
MG;3165503;Sardoá;5104;
MG;3165537;Sarzedo;36844;
MG;3165552;Setubinha;9917;
MG;3165560;Sem-Peixe;2433;
MG;3165578;Senador Amaral;6206;
MG;3165602;Senador Cortes;2240;
MG;3165701;Senador Firmino;7716;
MG;3165800;Senador José Bento;2068;
MG;3165909;Senador Modestino Gonçalves;4008;
MG;3166006;Senhora de Oliveira;5483;
MG;3166105;Senhora do Porto;3067;
MG;3166204;Senhora dos Remédios;10384;
MG;3166303;Sericita;7345;
MG;3166402;Seritinga;1819;
MG;3166501;Serra Azul de Minas;3792;
MG;3166600;Serra da Saudade;833;
MG;3166709;Serra dos Aimorés;6944;
MG;3166808;Serra do Salitre;11801;
MG;3166907;Serrania;7621;
MG;3166956;Serranópolis de Minas;4399;
MG;3167004;Serranos;1990;
MG;3167103;Serro;21952;
MG;3167202;Sete Lagoas;227397;
MG;3167301;Silveirânia;2323;
MG;3167400;Silvianópolis;6179;
MG;3167509;Simão Pereira;2947;
MG;3167608;Simonésia;19750;
MG;3167707;Sobrália;5137;
MG;3167806;Soledade de Minas;5613;
MG;3167905;Tabuleiro;4014;
MG;3168002;Taiobeiras;33050;
MG;3168051;Taparuba;3387;
MG;3168101;Tapira;4118;
MG;3168200;Tapiraí;1690;
MG;3168309;Taquaraçu de Minas;4224;
MG;3168408;Tarumirim;14709;
MG;3168507;Teixeiras;12255;
MG;3168606;Teófilo Otoni;137418;
MG;3168705;Timóteo;81579;
MG;3168804;Tiradentes;7744;
MG;3168903;Tiros;7883;
MG;3169000;Tocantins;16185;
MG;3169059;Tocos do Moji;3826;
MG;3169109;Toledo;7214;
MG;3169208;Tombos;8609;
MG;3169307;Três Corações;75485;
MG;3169356;Três Marias;28895;
MG;3169406;Três Pontas;55255;
MG;3169505;Tumiritinga;5886;
MG;3169604;Tupaciguara;25470;
MG;3169703;Turmalina;20000;
MG;3169802;Turvolândia;4935;
MG;3169901;Ubá;103365;
MG;3170008;Ubaí;11708;
MG;3170057;Ubaporanga;13017;
MG;3170107;Uberaba;337836;
MG;3170206;Uberlândia;713224;
MG;3170305;Umburatiba;2684;
MG;3170404;Unaí;86619;
MG;3170438;União de Minas;3828;
MG;3170479;Uruana de Minas;3282;
MG;3170503;Urucânia;10600;
MG;3170529;Urucuia;17479;
MG;3170578;Vargem Alegre;5780;
MG;3170602;Vargem Bonita;2158;
MG;3170651;Vargem Grande do Rio Pardo;4633;
MG;3170701;Varginha;136467;
MG;3170750;Varjão de Minas;6969;
MG;3170800;Várzea da Palma;33744;
MG;3170909;Varzelândia;18840;
MG;3171006;Vazante;19975;
MG;3171030;Verdelândia;7672;
MG;3171071;Veredinha;5181;
MG;3171105;Veríssimo;3411;
MG;3171154;Vermelho Novo;4899;
MG;3171204;Vespasiano;129246;
MG;3171303;Viçosa;76430;
MG;3171402;Vieiras;3700;
MG;3171501;Mathias Lobato;3038;
MG;3171600;Virgem da Lapa;11804;
MG;3171709;Virgínia;8908;
MG;3171808;Virginópolis;10314;
MG;3171907;Virgolândia;4552;
MG;3172004;Visconde do Rio Branco;39160;
MG;3172103;Volta Grande;4443;
MG;3172202;Wenceslau Braz;2356;
RJ;3300100;Angra dos Reis;167434;
RJ;3300159;Aperibé;11034;
RJ;3300209;Araruama;129671;
RJ;3300225;Areal;11828;
RJ;3300233;Armação dos Búzios;40006;
RJ;3300258;Arraial do Cabo;30986;
RJ;3300308;Barra do Piraí;92883;
RJ;3300407;Barra Mansa;169894;
RJ;3300456;Belford Roxo;483087;
RJ;3300506;Bom Jardim;28102;
RJ;3300605;Bom Jesus do Itabapoana;35173;
RJ;3300704;Cabo Frio;222161;
RJ;3300803;Cachoeiras de Macacu;56943;
RJ;3300902;Cambuci;14616;
RJ;3300936;Carapebus;13847;
RJ;3300951;Comendador Levy Gasparian;8741;
RJ;3301009;Campos dos Goytacazes;483540;
RJ;3301108;Cantagalo;19390;
RJ;3301157;Cardoso Moreira;12958;
RJ;3301207;Carmo;17198;
RJ;3301306;Casimiro de Abreu;46110;
RJ;3301405;Conceição de Macabu;21104;
RJ;3301504;Cordeiro;20783;
RJ;3301603;Duas Barras;10980;
RJ;3301702;Duque de Caxias;808161;
RJ;3301801;Engenheiro Paulo de Frontin;12242;
RJ;3301850;Guapimirim;51696;
RJ;3301876;Iguaba Grande;27920;
RJ;3301900;Itaboraí;224267;
RJ;3302007;Itaguaí;116841;
RJ;3302056;Italva;14073;
RJ;3302106;Itaocara;22919;
RJ;3302205;Itaperuna;101041;
RJ;3302254;Itatiaia;30908;
RJ;3302270;Japeri;96289;
RJ;3302304;Laje do Muriaé;7336;
RJ;3302403;Macaé;246391;
RJ;3302452;Macuco;5415;
RJ;3302502;Magé;228127;
RJ;3302601;Mangaratiba;41220;
RJ;3302700;Maricá;197277;
RJ;3302809;Mendes;17502;
RJ;3302858;Mesquita;167127;
RJ;3302908;Miguel Pereira;26582;
RJ;3303005;Miracema;26881;
RJ;3303104;Natividade;15074;
RJ;3303203;Nilópolis;146774;
RJ;3303302;Niterói;481749;
RJ;3303401;Nova Friburgo;189939;
RJ;3303500;Nova Iguaçu;785867;
RJ;3303609;Paracambi;41375;
RJ;3303708;Paraíba do Sul;42063;
RJ;3303807;Parati;45243;
RJ;3303856;Paty do Alferes;29619;
RJ;3303906;Petrópolis;278881;
RJ;3303955;Pinheiral;24298;
RJ;3304003;Piraí;27474;
RJ;3304102;Porciúncula;17288;
RJ;3304110;Porto Real;20373;
RJ;3304128;Quatis;13682;
RJ;3304144;Queimados;140523;
RJ;3304151;Quissamã;22393;
RJ;3304201;Resende;129612;
RJ;3304300;Rio Bonito;56276;
RJ;3304409;Rio Claro;17401;
RJ;3304508;Rio das Flores;8954;
RJ;3304524;Rio das Ostras;156491;
RJ;3304557;Rio de Janeiro;6211223;
RJ;3304607;Santa Maria Madalena;10232;
RJ;3304706;Santo Antônio de Pádua;41325;
RJ;3304755;São Francisco de Itabapoana;45059;
RJ;3304805;São Fidélis;38961;
RJ;3304904;São Gonçalo;896744;
RJ;3305000;São João da Barra;36573;
RJ;3305109;São João de Meriti;440962;
RJ;3305133;São José de Ubá;7070;
RJ;3305158;São José do Vale do Rio Preto;22080;
RJ;3305208;São Pedro da Aldeia;104029;
RJ;3305307;São Sebastião do Alto;7750;
RJ;3305406;Sapucaia;17729;
RJ;3305505;Saquarema;89559;
RJ;3305554;Seropédica;80596;
RJ;3305604;Silva Jardim;21352;
RJ;3305703;Sumidouro;15206;
RJ;3305752;Tanguá;31086;
RJ;3305802;Teresópolis;165123;
RJ;3305901;Trajano de Morais;10302;
RJ;3306008;Três Rios;78346;
RJ;3306107;Valença;68088;
RJ;3306156;Varre-Sai;10207;
RJ;3306206;Vassouras;33976;
RJ;3306305;Volta Redonda;261563;
RJ;3399919;Sâo João Marcos;;
RJ;3399929;São Sebastião do Parahyba;;
SP;3500105;Adamantina;34687;
SP;3500204;Adolfo;4351;
SP;3500303;Aguaí;32072;
SP;3500402;Águas da Prata;7369;
SP;3500501;Águas de Lindóia;17930;
SP;3500550;Águas de Santa Bárbara;7177;
SP;3500600;Águas de São Pedro;2780;
SP;3500709;Agudos;37680;
SP;3500758;Alambari;6141;
SP;3500808;Alfredo Marcondes;4445;
SP;3500907;Altair;3451;
SP;3501004;Altinópolis;16818;
SP;3501103;Alto Alegre;3841;
SP;3501152;Alumínio;17301;
SP;3501202;Álvares Florence;3915;
SP;3501301;Álvares Machado;27255;
SP;3501400;Álvaro de Carvalho;4808;
SP;3501509;Alvinlândia;2885;
SP;3501608;Americana;237240;
SP;3501707;Américo Brasiliense;33019;
SP;3501806;Américo de Campos;5870;
SP;3501905;Amparo;68008;
SP;3502002;Analândia;4589;
SP;3502101;Andradina;59783;
SP;3502200;Angatuba;24022;
SP;3502309;Anhembi;5674;
SP;3502408;Anhumas;4023;
SP;3502507;Aparecida;32569;
SP;3502606;Aparecida d'Oeste;4086;
SP;3502705;Apiaí;24585;
SP;3502754;Araçariguama;21522;
SP;3502804;Araçatuba;200124;
SP;3502903;Araçoiaba da Serra;32443;
SP;3503000;Aramina;5420;
SP;3503109;Arandu;6885;
SP;3503158;Arapeí;2330;
SP;3503208;Araraquara;242228;
SP;3503307;Araras;130866;
SP;3503356;Arco-Íris;2044;
SP;3503406;Arealva;8130;
SP;3503505;Areias;3577;
SP;3503604;Areiópolis;10130;
SP;3503703;Ariranha;7602;
SP;3503802;Artur Nogueira;51456;
SP;3503901;Arujá;86678;
SP;3503950;Aspásia;1842;
SP;3504008;Assis;101409;
SP;3504107;Atibaia;158647;
SP;3504206;Auriflama;13692;
SP;3504305;Avaí;4483;
SP;3504404;Avanhandava;11263;
SP;3504503;Avaré;92805;
SP;3504602;Bady Bassitt;27260;
SP;3504701;Balbinos;3887;
SP;3504800;Bálsamo;9596;
SP;3504909;Bananal;9969;
SP;3505005;Barão de Antonina;3531;
SP;3505104;Barbosa;5640;
SP;3505203;Bariri;31595;
SP;3505302;Barra Bonita;34346;
SP;3505351;Barra do Chapéu;5179;
SP;3505401;Barra do Turvo;6876;
SP;3505500;Barretos;122485;
SP;3505609;Barrinha;32092;
SP;3505708;Barueri;316473;
SP;3505807;Bastos;21503;
SP;3505906;Batatais;58402;
SP;3506003;Bauru;379146;
SP;3506102;Bebedouro;76373;
SP;3506201;Bento de Abreu;2606;
SP;3506300;Bernardino de Campos;11607;
SP;3506359;Bertioga;64188;
SP;3506409;Bilac;7319;
SP;3506508;Birigui;118979;
SP;3506607;Biritiba-Mirim;29683;
SP;3506706;Boa Esperança do Sul;12978;
SP;3506805;Bocaina;11259;
SP;3506904;Bofete;10460;
SP;3507001;Boituva;61081;
SP;3507100;Bom Jesus dos Perdões;22006;
SP;3507159;Bom Sucesso de Itararé;3555;
SP;3507209;Borá;907;
SP;3507308;Boracéia;4715;
SP;3507407;Borborema;14226;
SP;3507456;Borebi;2713;
SP;3507506;Botucatu;145155;
SP;3507605;Bragança Paulista;176811;
SP;3507704;Braúna;5356;
SP;3507753;Brejo Alegre;2565;
SP;3507803;Brodowski;25201;
SP;3507902;Brotas;23898;
SP;3508009;Buri;20250;
SP;3508108;Buritama;17210;
SP;3508207;Buritizal;4356;
SP;3508306;Cabrália Paulista;4299;
SP;3508405;Cabreúva;47011;
SP;3508504;Caçapava;96202;
SP;3508603;Cachoeira Paulista;31564;
SP;3508702;Caconde;17101;
SP;3508801;Cafelândia;16654;
SP;3508900;Caiabu;3712;
SP;3509007;Caieiras;95032;
SP;3509106;Caiuá;5466;
SP;3509205;Cajamar;92689;
SP;3509254;Cajati;28515;
SP;3509304;Cajobi;9133;
SP;3509403;Cajuru;23830;
SP;3509452;Campina do Monte Alegre;5954;
SP;3509502;Campinas;1139047;
SP;3509601;Campo Limpo Paulista;77632;
SP;3509700;Campos do Jordão;46974;
SP;3509809;Campos Novos Paulista;4888;
SP;3509908;Cananéia;12289;
SP;3509957;Canas;4931;
SP;3510005;Cândido Mota;29449;
SP;3510104;Cândido Rodrigues;2889;
SP;3510153;Canitar;6283;
SP;3510203;Capão Bonito;46337;
SP;3510302;Capela do Alto;22866;
SP;3510401;Capivari;50068;
SP;3510500;Caraguatatuba;134873;
SP;3510609;Carapicuíba;386984;
SP;3510708;Cardoso;11345;
SP;3510807;Casa Branca;28083;
SP;3510906;Cássia dos Coqueiros;2799;
SP;3511003;Castilho;19977;
SP;3511102;Catanduva;115791;
SP;3511201;Catiguá;7003;
SP;3511300;Cedral;12618;
SP;3511409;Cerqueira César;21469;
SP;3511508;Cerquilho;44695;
SP;3511607;Cesário Lange;19048;
SP;3511706;Charqueada;15535;
SP;3511904;Clementina;6982;
SP;3512001;Colina;18486;
SP;3512100;Colômbia;6629;
SP;3512209;Conchal;28101;
SP;3512308;Conchas;15232;
SP;3512407;Cordeirópolis;24514;
SP;3512506;Coroados;5400;
SP;3512605;Coronel Macedo;4280;
SP;3512704;Corumbataí;4195;
SP;3512803;Cosmópolis;59773;
SP;3512902;Cosmorama;8719;
SP;3513009;Cotia;274413;
SP;3513108;Cravinhos;33281;
SP;3513207;Cristais Paulista;9272;
SP;3513306;Cruzália;2108;
SP;3513405;Cruzeiro;74961;
SP;3513504;Cubatão;112476;
SP;3513603;Cunha;22110;
SP;3513702;Descalvado;31756;
SP;3513801;Diadema;393237;
SP;3513850;Dirce Reis;1620;
SP;3513900;Divinolândia;11158;
SP;3514007;Dobrada;8759;
SP;3514106;Dois Córregos;24510;
SP;3514205;Dolcinópolis;2207;
SP;3514304;Dourado;8096;
SP;3514403;Dracena;45474;
SP;3514502;Duartina;12328;
SP;3514601;Dumont;9471;
SP;3514700;Echaporã;6205;
SP;3514809;Eldorado;13069;
SP;3514908;Elias Fausto;17699;
SP;3514924;Elisiário;3138;
SP;3514957;Embaúba;2323;
SP;3515004;Embu;250691;
SP;3515103;Embu-Guaçu;66970;
SP;3515129;Emilianópolis;3014;
SP;3515152;Engenheiro Coelho;19566;
SP;3515186;Espírito Santo do Pinhal;39816;
SP;3515194;Espírito Santo do Turvo;4157;
SP;3515202;Estrela d'Oeste;9417;
SP;3515301;Estrela do Norte;2703;
SP;3515350;Euclides da Cunha Paulista;7924;
SP;3515400;Fartura;16641;
SP;3515509;Fernandópolis;71186;
SP;3515608;Fernando Prestes;5942;
SP;3515657;Fernão;1656;
SP;3515707;Ferraz de Vasconcelos;179198;
SP;3515806;Flora Rica;1487;
SP;3515905;Floreal;2733;
SP;3516002;Flórida Paulista;12958;
SP;3516101;Florínia;3851;
SP;3516200;Franca;352536;
SP;3516309;Francisco Morato;165139;
SP;3516408;Franco da Rocha;144849;
SP;3516507;Gabriel Monteiro;2763;
SP;3516606;Gália;6380;
SP;3516705;Garça;42110;
SP;3516804;Gastão Vidigal;3252;
SP;3516853;Gavião Peixoto;4702;
SP;3516903;General Salgado;10312;
SP;3517000;Getulina;10232;
SP;3517109;Glicério;4138;
SP;3517208;Guaiçara;11239;
SP;3517307;Guaimbê;5512;
SP;3517406;Guaíra;39279;
SP;3517505;Guapiaçu;21711;
SP;3517604;Guapiara;17071;
SP;3517703;Guará;18606;
SP;3517802;Guaraçaí;7441;
SP;3517901;Guaraci;10350;
SP;3518008;Guarani d'Oeste;1968;
SP;3518107;Guarantã;6427;
SP;3518206;Guararapes;31043;
SP;3518305;Guararema;31236;
SP;3518404;Guaratinguetá;118044;
SP;3518503;Guareí;15013;
SP;3518602;Guariba;37498;
SP;3518701;Guarujá;287634;
SP;3518800;Guarulhos;1291771;
SP;3518859;Guatapará;7320;
SP;3518909;Guzolândia;4246;
SP;3519006;Herculândia;9125;
SP;3519055;Holambra;15094;
SP;3519071;Hortolândia;236641;
SP;3519105;Iacanga;10437;
SP;3519204;Iacri;6131;
SP;3519253;Iaras;8010;
SP;3519303;Ibaté;32178;
SP;3519402;Ibirá;11690;
SP;3519501;Ibirarema;6385;
SP;3519600;Ibitinga;60033;
SP;3519709;Ibiúna;75605;
SP;3519808;Icém;7819;
SP;3519907;Iepê;7619;
SP;3520004;Igaraçu do Tietê;23106;
SP;3520103;Igarapava;26212;
SP;3520202;Igaratá;10605;
SP;3520301;Iguape;29115;
SP;3520400;Ilhabela;34934;
SP;3520426;Ilha Comprida;13419;
SP;3520442;Ilha Solteira;25549;
SP;3520509;Indaiatuba;255748;
SP;3520608;Indiana;5090;
SP;3520707;Indiaporã;4035;
SP;3520806;Inúbia Paulista;3615;
SP;3520905;Ipaussu;13712;
SP;3521002;Iperó;36459;
SP;3521101;Ipeúna;6831;
SP;3521150;Ipiguá;6761;
SP;3521200;Iporanga;4046;
SP;3521309;Ipuã;14454;
SP;3521408;Iracemápolis;21967;
SP;3521507;Irapuã;6867;
SP;3521606;Irapuru;7085;
SP;3521705;Itaberá;17983;
SP;3521804;Itaí;25180;
SP;3521903;Itajobi;16989;
SP;3522000;Itaju;3618;
SP;3522109;Itanhaém;112476;
SP;3522158;Itaóca;3422;
SP;3522208;Itapecerica da Serra;158522;
SP;3522307;Itapetininga;157790;
SP;3522406;Itapeva;89728;
SP;3522505;Itapevi;232297;
SP;3522604;Itapira;72022;
SP;3522653;Itapirapuã Paulista;4306;
SP;3522703;Itápolis;39493;
SP;3522802;Itaporanga;14085;
SP;3522901;Itapuí;13659;
SP;3523008;Itapura;3979;
SP;3523107;Itaquaquecetuba;369275;
SP;3523206;Itararé;44438;
SP;3523305;Itariri;15528;
SP;3523404;Itatiba;121590;
SP;3523503;Itatinga;19070;
SP;3523602;Itirapina;16148;
SP;3523701;Itirapuã;5779;
SP;3523800;Itobi;8046;
SP;3523909;Itu;168240;
SP;3524006;Itupeva;70616;
SP;3524105;Ituverava;37571;
SP;3524204;Jaborandi;6221;
SP;3524303;Jaboticabal;71821;
SP;3524402;Jacareí;240275;
SP;3524501;Jaci;7613;
SP;3524600;Jacupiranga;16097;
SP;3524709;Jaguariúna;59347;
SP;3524808;Jales;48776;
SP;3524907;Jambeiro;6397;
SP;3525003;Jandira;118045;
SP;3525102;Jardinópolis;45282;
SP;3525201;Jarinu;37535;
SP;3525300;Jaú;133497;
SP;3525409;Jeriquara;3863;
SP;3525508;Joanópolis;12815;
SP;3525607;João Ramalho;4371;
SP;3525706;José Bonifácio;36633;
SP;3525805;Júlio Mesquita;4254;
SP;3525854;Jumirim;3056;
SP;3525904;Jundiaí;443221;
SP;3526001;Junqueirópolis;20448;
SP;3526100;Juquiá;17154;
SP;3526209;Juquitiba;27404;
SP;3526308;Lagoinha;5083;
SP;3526407;Laranjal Paulista;26261;
SP;3526506;Lavínia;9689;
SP;3526605;Lavrinhas;7171;
SP;3526704;Leme;98161;
SP;3526803;Lençóis Paulista;66505;
SP;3526902;Limeira;291869;
SP;3527009;Lindóia;7014;
SP;3527108;Lins;74779;
SP;3527207;Lorena;84855;
SP;3527256;Lourdes;1950;
SP;3527306;Louveira;51847;
SP;3527405;Lucélia;20061;
SP;3527504;Lucianópolis;2372;
SP;3527603;Luís Antônio;12265;
SP;3527702;Luiziânia;4701;
SP;3527801;Lupércio;3981;
SP;3527900;Lutécia;2661;
SP;3528007;Macatuba;16829;
SP;3528106;Macaubal;7481;
SP;3528205;Macedônia;3963;
SP;3528304;Magda;3165;
SP;3528403;Mairinque;50027;
SP;3528502;Mairiporã;93853;
SP;3528601;Manduri;9871;
SP;3528700;Marabá Paulista;4573;
SP;3528809;Maracaí;12673;
SP;3528858;Marapoama;3292;
SP;3528908;Mariápolis;3513;
SP;3529005;Marília;237627;
SP;3529104;Marinópolis;1860;
SP;3529203;Martinópolis;24881;
SP;3529302;Matão;79033;
SP;3529401;Mauá;418261;
SP;3529500;Mendonça;6159;
SP;3529609;Meridiano;4572;
SP;3529658;Mesópolis;1952;
SP;3529708;Miguelópolis;19441;
SP;3529807;Mineiros do Tietê;11230;
SP;3529906;Miracatu;18553;
SP;3530003;Mira Estrela;3126;
SP;3530102;Mirandópolis;27983;
SP;3530201;Mirante do Paranapanema;15917;
SP;3530300;Mirassol;63337;
SP;3530409;Mirassolândia;4669;
SP;3530508;Mococa;67681;
SP;3530607;Moji das Cruzes;451505;
SP;3530706;Mogi Guaçu;153658;
SP;3530805;Moji-Mirim;92558;
SP;3530904;Mombuca;3722;
SP;3531001;Monções;1937;
SP;3531100;Mongaguá;61951;
SP;3531209;Monte Alegre do Sul;8627;
SP;3531308;Monte Alto;47574;
SP;3531407;Monte Aprazível;22280;
SP;3531506;Monte Azul Paulista;18151;
SP;3531605;Monte Castelo;4222;
SP;3531704;Monteiro Lobato;4138;
SP;3531803;Monte Mor;64662;
SP;3531902;Morro Agudo;27933;
SP;3532009;Morungaba;13720;
SP;3532058;Motuca;4034;
SP;3532108;Murutinga do Sul;3737;
SP;3532157;Nantes;2660;
SP;3532207;Narandiba;5713;
SP;3532306;Natividade da Serra;6999;
SP;3532405;Nazaré Paulista;18217;
SP;3532504;Neves Paulista;9699;
SP;3532603;Nhandeara;9852;
SP;3532702;Nipoã;4750;
SP;3532801;Nova Aliança;6693;
SP;3532827;Nova Campina;8497;
SP;3532843;Nova Canaã Paulista;2032;
SP;3532868;Nova Castilho;1062;
SP;3532900;Nova Europa;9311;
SP;3533007;Nova Granada;19419;
SP;3533106;Nova Guataporanga;2156;
SP;3533205;Nova Independência;4609;
SP;3533254;Novais;4412;
SP;3533304;Nova Luzitânia;2837;
SP;3533403;Nova Odessa;62019;
SP;3533502;Novo Horizonte;38324;
SP;3533601;Nuporanga;7391;
SP;3533700;Ocauçu;4331;
SP;3533809;Óleo;2512;
SP;3533908;Olímpia;55074;
SP;3534005;Onda Verde;4771;
SP;3534104;Oriente;6085;
SP;3534203;Orindiúva;6024;
SP;3534302;Orlândia;38319;
SP;3534401;Osasco;728615;
SP;3534500;Oscar Bressane;2470;
SP;3534609;Osvaldo Cruz;31272;
SP;3534708;Ourinhos;103970;
SP;3534757;Ouroeste;10294;
SP;3534807;Ouro Verde;7779;
SP;3534906;Pacaembu;14877;
SP;3535002;Palestina;11476;
SP;3535101;Palmares Paulista;9650;
SP;3535200;Palmeira d'Oeste;8903;
SP;3535309;Palmital;19594;
SP;3535408;Panorama;14964;
SP;3535507;Paraguaçu Paulista;41120;
SP;3535606;Paraibuna;17667;
SP;3535705;Paraíso;6099;
SP;3535804;Paranapanema;19395;
SP;3535903;Paranapuã;4031;
SP;3536000;Parapuã;10580;
SP;3536109;Pardinho;7153;
SP;3536208;Pariquera-Açu;19233;
SP;3536257;Parisi;2892;
SP;3536307;Patrocínio Paulista;14512;
SP;3536406;Paulicéia;7955;
SP;3536505;Paulínia;110537;
SP;3536570;Paulistânia;2090;
SP;3536604;Paulo de Faria;7400;
SP;3536703;Pederneiras;44827;
SP;3536802;Pedra Bela;6557;
SP;3536901;Pedranópolis;2787;
SP;3537008;Pedregulho;15525;
SP;3537107;Pedreira;43112;
SP;3537156;Pedrinhas Paulista;2804;
SP;3537206;Pedro de Toledo;11281;
SP;3537305;Penápolis;61679;
SP;3537404;Pereira Barreto;24095;
SP;3537503;Pereiras;8737;
SP;3537602;Peruíbe;68352;
SP;3537701;Piacatu;5519;
SP;3537800;Piedade;52970;
SP;3537909;Pilar do Sul;27619;
SP;3538006;Pindamonhangaba;165428;
SP;3538105;Pindorama;14542;
SP;3538204;Pinhalzinho;15224;
SP;3538303;Piquerobi;3264;
SP;3538501;Piquete;12490;
SP;3538600;Piracaia;26029;
SP;3538709;Piracicaba;423323;
SP;3538808;Piraju;29436;
SP;3538907;Pirajuí;22431;
SP;3539004;Pirangi;10885;
SP;3539103;Pirapora do Bom Jesus;18370;
SP;3539202;Pirapozinho;25348;
SP;3539301;Pirassununga;73545;
SP;3539400;Piratininga;15108;
SP;3539509;Pitangueiras;33674;
SP;3539608;Planalto;4389;
SP;3539707;Platina;3025;
SP;3539806;Poá;103765;
SP;3539905;Poloni;5592;
SP;3540002;Pompéia;20196;
SP;3540101;Pongaí;3395;
SP;3540200;Pontal;37607;
SP;3540259;Pontalinda;4127;
SP;3540309;Pontes Gestal;2387;
SP;3540408;Populina;4127;
SP;3540507;Porangaba;10451;
SP;3540606;Porto Feliz;56497;
SP;3540705;Porto Ferreira;52649;
SP;3540754;Potim;20392;
SP;3540804;Potirendaba;18496;
SP;3540853;Pracinha;2578;
SP;3540903;Pradópolis;17078;
SP;3541000;Praia Grande;349935;
SP;3541059;Pratânia;5126;
SP;3541109;Presidente Alves;3804;
SP;3541208;Presidente Bernardes;14490;
SP;3541307;Presidente Epitácio;39505;
SP;3541406;Presidente Prudente;225668;
SP;3541505;Presidente Venceslau;35201;
SP;3541604;Promissão;35131;
SP;3541653;Quadra;3405;
SP;3541703;Quatá;13163;
SP;3541802;Queiroz;3265;
SP;3541901;Queluz;9159;
SP;3542008;Quintana;7038;
SP;3542107;Rafard;8965;
SP;3542206;Rancharia;28588;
SP;3542305;Redenção da Serra;4494;
SP;3542404;Regente Feijó;20145;
SP;3542503;Reginópolis;7662;
SP;3542602;Registro;59947;
SP;3542701;Restinga;6404;
SP;3542800;Ribeira;3132;
SP;3542909;Ribeirão Bonito;10989;
SP;3543006;Ribeirão Branco;18627;
SP;3543105;Ribeirão Corrente;4608;
SP;3543204;Ribeirão do Sul;4677;
SP;3543238;Ribeirão dos Índios;2025;
SP;3543253;Ribeirão Grande;7450;
SP;3543303;Ribeirão Pires;115559;
SP;3543402;Ribeirão Preto;698642;
SP;3543501;Riversul;5599;
SP;3543600;Rifaina;4049;
SP;3543709;Rincão;9098;
SP;3543808;Rinópolis;9259;
SP;3543907;Rio Claro;201418;
SP;3544004;Rio das Pedras;31328;
SP;3544103;Rio Grande da Serra;44170;
SP;3544202;Riolândia;10309;
SP;3544251;Rosana;17440;
SP;3544301;Roseira;10832;
SP;3544400;Rubiácea;2700;
SP;3544509;Rubinéia;3833;
SP;3544608;Sabino;5112;
SP;3544707;Sagres;2474;
SP;3544806;Sales;6437;
SP;3544905;Sales Oliveira;11411;
SP;3545001;Salesópolis;15202;
SP;3545100;Salmourão;4808;
SP;3545159;Saltinho;8161;
SP;3545209;Salto;134319;
SP;3545308;Salto de Pirapora;43748;
SP;3545407;Salto Grande;9050;
SP;3545506;Sandovalina;3645;
SP;3545605;Santa Adélia;14018;
SP;3545704;Santa Albertina;6393;
SP;3545803;Santa Bárbara d'Oeste;183347;
SP;3546009;Santa Branca;13975;
SP;3546108;Santa Clara d'Oeste;2598;
SP;3546207;Santa Cruz da Conceição;4277;
SP;3546256;Santa Cruz da Esperança;2116;
SP;3546306;Santa Cruz das Palmeiras;28864;
SP;3546405;Santa Cruz do Rio Pardo;46442;
SP;3546504;Santa Ernestina;6118;
SP;3546603;Santa Fé do Sul;34794;
SP;3546702;Santa Gertrudes;23611;
SP;3546801;Santa Isabel;53174;
SP;3546900;Santa Lúcia;7149;
SP;3547007;Santa Maria da Serra;5243;
SP;3547106;Santa Mercedes;2956;
SP;3547205;Santana da Ponte Pensa;1670;
SP;3547304;Santana de Parnaíba;154105;
SP;3547403;Santa Rita d'Oeste;2733;
SP;3547502;Santa Rita do Passa Quatro;24833;
SP;3547601;Santa Rosa de Viterbo;23411;
SP;3547650;Santa Salete;1645;
SP;3547700;Santo Anastácio;17963;
SP;3547809;Santo André;748919;
SP;3547908;Santo Antônio da Alegria;6775;
SP;3548005;Santo Antônio de Posse;23244;
SP;3548054;Santo Antônio do Aracanguá;8379;
SP;3548104;Santo Antônio do Jardim;6126;
SP;3548203;Santo Antônio do Pinhal;7133;
SP;3548302;Santo Expedito;3000;
SP;3548401;Santópolis do Aguapeí;3899;
SP;3548500;Santos;418608;
SP;3548609;São Bento do Sapucaí;11674;
SP;3548708;São Bernardo do Campo;810729;
SP;3548807;São Caetano do Sul;165655;
SP;3548906;São Carlos;254857;
SP;3549003;São Francisco;2602;
SP;3549102;São João da Boa Vista;92547;
SP;3549201;São João das Duas Pontes;2580;
SP;3549250;São João de Iracema;1846;
SP;3549300;São João do Pau d'Alho;2242;
SP;3549409;São Joaquim da Barra;48558;
SP;3549508;São José da Bela Vista;7626;
SP;3549607;São José do Barreiro;3853;
SP;3549706;São José do Rio Pardo;52205;
SP;3549805;São José do Rio Preto;480393;
SP;3549904;São José dos Campos;697054;
SP;3549953;São Lourenço da Serra;16067;
SP;3550001;São Luís do Paraitinga;10337;
SP;3550100;São Manuel;37289;
SP;3550209;São Miguel Arcanjo;32039;
SP;3550308;São Paulo;11451999;
SP;3550407;São Pedro;38256;
SP;3550506;São Pedro do Turvo;7217;
SP;3550605;São Roque;79484;
SP;3550704;São Sebastião;81595;
SP;3550803;São Sebastião da Grama;10441;
SP;3550902;São Simão;13442;
SP;3551009;São Vicente;329911;
SP;3551108;Sarapuí;10369;
SP;3551207;Sarutaiá;3704;
SP;3551306;Sebastianópolis do Sul;3130;
SP;3551405;Serra Azul;12746;
SP;3551504;Serrana;43909;
SP;3551603;Serra Negra;29894;
SP;3551702;Sertãozinho;126887;
SP;3551801;Sete Barras;12730;
SP;3551900;Severínia;14576;
SP;3552007;Silveiras;6186;
SP;3552106;Socorro;40122;
SP;3552205;Sorocaba;723682;
SP;3552304;Sud Mennucci;7355;
SP;3552403;Sumaré;279545;
SP;3552502;Suzano;307429;
SP;3552551;Suzanápolis;3408;
SP;3552601;Tabapuã;11323;
SP;3552700;Tabatinga;14769;
SP;3552809;Taboão da Serra;273542;
SP;3552908;Taciba;6260;
SP;3553005;Taguaí;12669;
SP;3553104;Taiaçu;5677;
SP;3553203;Taiúva;6548;
SP;3553302;Tambaú;21435;
SP;3553401;Tanabi;25265;
SP;3553500;Tapiraí;7996;
SP;3553609;Tapiratiba;11816;
SP;3553658;Taquaral;2619;
SP;3553708;Taquaritinga;52260;
SP;3553807;Taquarituba;24350;
SP;3553856;Taquarivaí;6876;
SP;3553906;Tarabai;6536;
SP;3553955;Tarumã;14882;
SP;3554003;Tatuí;123942;
SP;3554102;Taubaté;310739;
SP;3554201;Tejupá;4127;
SP;3554300;Teodoro Sampaio;22173;
SP;3554409;Terra Roxa;7904;
SP;3554508;Tietê;37663;
SP;3554607;Timburi;2464;
SP;3554656;Torre de Pedra;2046;
SP;3554706;Torrinha;9335;
SP;3554755;Trabiju;1682;
SP;3554805;Tremembé;51173;
SP;3554904;Três Fronteiras;6804;
SP;3554953;Tuiuti;6778;
SP;3555000;Tupã;63928;
SP;3555109;Tupi Paulista;15854;
SP;3555208;Turiúba;1818;
SP;3555307;Turmalina;1669;
SP;3555356;Ubarana;5365;
SP;3555406;Ubatuba;92981;
SP;3555505;Ubirajara;5132;
SP;3555604;Uchoa;10394;
SP;3555703;União Paulista;1603;
SP;3555802;Urânia;8833;
SP;3555901;Uru;1387;
SP;3556008;Urupês;13744;
SP;3556107;Valentim Gentil;14098;
SP;3556206;Valinhos;126373;
SP;3556305;Valparaíso;24241;
SP;3556354;Vargem;10512;
SP;3556404;Vargem Grande do Sul;40133;
SP;3556453;Vargem Grande Paulista;50415;
SP;3556503;Várzea Paulista;115771;
SP;3556602;Vera Cruz;10176;
SP;3556701;Vinhedo;76540;
SP;3556800;Viradouro;17414;
SP;3556909;Vista Alegre do Alto;8109;
SP;3556958;Vitória Brasil;1794;
SP;3557006;Votorantim;127923;
SP;3557105;Votuporanga;96634;
SP;3557154;Zacarias;2692;
SP;3557204;Chavantes;12211;
SP;3557303;Estiva Gerbi;11295;
SP;3599919;Santo Amaro;;
